diff_median_sample,file,gnss_max,gnss_median,gnss_min,gnss_p01,gnss_p99,lidar_max,lidar_min,name,point_count,pos_cover_rate,pulse_max,pulse_min,reason,seq,size_bytes,status,total_pulses
2.0000006770715117e-06,0510_f3\L1-TIME_ANGE_DIST_DATA\L1_cap_00002_20260510190425.h5,39864.667983404,39863.101578528,39861.681139656,39861.709603407995,39864.63009561124,39882.667983404,39879.681139656,L1_cap_00002_20260510190425.h5,1446682,1.0,1408351.0,1.0,,2,209231584,OK,1408351.0
2.0000006770715117e-06,0510_f3\L1-TIME_ANGE_DIST_DATA\L1_cap_00003_20260510190428.h5,39867.685461332,39866.177547692,39864.667985404,39864.699379228005,39867.655367511994,39885.685461332,39882.667985404,L1_cap_00003_20260510190428.h5,1536385,1.0,1495655.0,1.0,,3,222598640,OK,1495655.0
2.0000006770715117e-06,0510_f3\L1-TIME_ANGE_DIST_DATA\L1_cap_00004_20260510190431.h5,39870.687245252,39869.186581624,39867.685463332,39867.715493432,39870.657133152,39888.687245252,39885.685463332,L1_cap_00004_20260510190431.h5,1529299,1.0,1488340.0,1.0,,4,221740600,OK,1488340.0
2.0000006770715117e-06,0510_f3\L1-TIME_ANGE_DIST_DATA\L1_cap_00005_20260510190434.h5,39873.689547228,39872.188677552,39870.687247252,39870.717194912,39873.659765568,39891.689547228,39888.687247252,L1_cap_00005_20260510190434.h5,1529377,1.0,1488613.0,1.0,,5,221605900,OK,1488613.0
2.0000006770715117e-06,0510_f3\L1-TIME_ANGE_DIST_DATA\L1_cap_00006_20260510190437.h5,39876.69100918,39875.358950312,39873.689549228,39873.729453416,39876.667561131995,39894.69100918,39891.689549228,L1_cap_00006_20260510190437.h5,2031298,1.0,1488039.0,1.0,,6,207175500,OK,1488039.0
2.0000006770715117e-06,0510_f3\L1-TIME_ANGE_DIST_DATA\L1_cap_00007_20260510190440.h5,39880.192596228,39878.48145088,39876.69101118,39876.728565496,39880.160727940005,39898.192596228,39894.69101118,L1_cap_00007_20260510190440.h5,2674008,1.0,1735839.0,1.0,,7,265615356,OK,1735839.0
2.0000006770715117e-06,0510_f3\L1-TIME_ANGE_DIST_DATA\L1_cap_00008_20260510190443.h5,39883.195864316,39881.34233328,39880.192598232,39880.21639034,39883.175962884,39901.195864316,39898.192598232,L1_cap_00008_20260510190443.h5,1800668,1.0,1131795.0,1.0,,8,220990836,OK,1131795.0
2.0000006770715117e-06,0510_f3\L1-TIME_ANGE_DIST_DATA\L1_cap_00009_20260510190446.h5,39886.198166432,39884.69413602,39883.195866316,39883.22624046,39886.166726284,39904.198166432,39901.195866316,L1_cap_00009_20260510190446.h5,2354705,1.0,1488557.0,1.0,,9,288785840,OK,1488557.0
2.0000006770715117e-06,0510_f3\L1-TIME_ANGE_DIST_DATA\L1_cap_00010_20260510190449.h5,39889.126194084,39887.707322204,39886.198168436,39886.227586412,39889.099854119995,39907.126194084,39904.198168436,L1_cap_00010_20260510190449.h5,2352593,1.0,1488172.0,1.0,,10,285938224,OK,1488172.0
2.0000006770715117e-06,0510_f3\L1-TIME_ANGE_DIST_DATA\L1_cap_00011_20260510190452.h5,39892.202980792,39890.704360352,39889.126196084,39889.156820228,39892.171961584005,39910.202980792,39907.126196084,L1_cap_00011_20260510190452.h5,2357654,1.0,1488816.0,1.0,,11,278794380,OK,1488816.0
2.0000006770715117e-06,0510_f3\L1-TIME_ANGE_DIST_DATA\L1_cap_00012_20260510190455.h5,39895.204541028,39893.706713572,39892.202982788,39892.231828924,39895.175598892,39913.204541028,39910.202982788,L1_cap_00012_20260510190455.h5,2359266,1.0,1487780.0,1.0,,12,272412092,OK,1487780.0
2.0000006770715117e-06,0510_f3\L1-TIME_ANGE_DIST_DATA\L1_cap_00013_20260510190458.h5,39898.206689292,39896.707173814,39895.204543028,39895.235676076,39898.179486264,39916.206689292,39913.204543028,L1_cap_00013_20260510190458.h5,2341646,1.0,1488298.0,1.0,,13,269982412,OK,1488298.0
1.0,0510_f3\L1-TIME_ANGE_DIST_DATA\L1_cap_00014_20260510190501.h5,1488501.0,744580.5,1.0,15358.79,1474967.21,1488519.0,19.0,L1_cap_00014_20260510190501.h5,2354180,0.0011311794340279843,1488501.0,1.0,GNSS_SEC_CH1 appears to contain pulse index/count values,14,273642372,REPAIR_CANDIDATE,1488501.0
2.0000006770715117e-06,0510_f3\L1-TIME_ANGE_DIST_DATA\L1_cap_00015_20260510190504.h5,39904.211055944,39902.648082152,39901.2092316,39901.237332912,39904.18087461764,39922.211055944,39919.2092316,L1_cap_00015_20260510190504.h5,2244460,1.0,1417675.0,1.0,,15,262960720,OK,1417675.0
2.0000006770715117e-06,0510_f3\L1-TIME_ANGE_DIST_DATA\L1_cap_00016_20260510190507.h5,39907.213022288,39905.712035748,39904.211057944,39904.241168088,39907.18143214,39925.213022288,39922.211057944,L1_cap_00016_20260510190507.h5,2351759,1.0,1488298.0,1.0,,16,275888644,OK,1488298.0
2.0000006770715117e-06,0510_f3\L1-TIME_ANGE_DIST_DATA\L1_cap_00017_20260510190510.h5,39910.213994688,39908.71285512,39907.213024288,39907.2411597214,39910.183392544,39928.213994688,39925.213024288,L1_cap_00017_20260510190510.h5,2352966,1.0,1487780.0,1.0,,17,268751216,OK,1487780.0
2.0000006770715117e-06,0510_f3\L1-TIME_ANGE_DIST_DATA\L1_cap_00018_20260510190513.h5,39913.216437116,39911.709938516,39910.213996688,39910.24544484,39913.185124968,39931.216437116,39928.213996688,L1_cap_00018_20260510190513.h5,2341097,1.0,1488557.0,1.0,,18,275800532,OK,1488557.0
2.0000006770715117e-06,0510_f3\L1-TIME_ANGE_DIST_DATA\L1_cap_00019_20260510190516.h5,39916.217927592,39914.715988996,39913.216439116,39913.24652326,39916.187263448,39934.217927592,39931.216439116,L1_cap_00019_20260510190516.h5,2333063,1.0,1488039.0,1.0,,19,274845312,OK,1488039.0
2.0000006770715117e-06,0510_f3\L1-TIME_ANGE_DIST_DATA\L1_cap_00020_20260510190519.h5,39919.22009008,39917.722088492,39916.217929592,39916.249415724,39919.193593972,39937.22009008,39934.217929592,L1_cap_00020_20260510190519.h5,2335600,1.0,1488410.0,1.0,,20,270279020,OK,1488410.0
2.0000006770715117e-06,0510_f3\L1-TIME_ANGE_DIST_DATA\L1_cap_00021_20260510190522.h5,39922.221706612,39920.718524968,39919.22009208,39919.250704228,39922.19024046,39940.221706612,39937.22009208,L1_cap_00021_20260510190522.h5,2335536,1.0,1488130.0,1.0,,21,259363540,OK,1488130.0
2.0000006770715117e-06,0510_f3\L1-TIME_ANGE_DIST_DATA\L1_cap_00022_20260510190525.h5,39925.228755196,39923.406767004,39922.221708616,39922.24344672,39925.206868952,39943.228755196,39940.221708616,L1_cap_00022_20260510190525.h5,1851908,1.0,1176070.0,1.0,,22,215447128,OK,1176070.0
2.0000006770715117e-06,0510_f3\L1-TIME_ANGE_DIST_DATA\L1_cap_00023_20260510190528.h5,39928.232275788,39926.739240168,39925.228757196,39925.25819004,39928.202636948,39946.232275788,39943.228757196,L1_cap_00023_20260510190528.h5,2374936,1.0,1488984.0,1.0,,23,274960908,OK,1488984.0
2.0000006770715117e-06,0510_f3\L1-TIME_ANGE_DIST_DATA\L1_cap_00024_20260510190531.h5,39931.233738396,39929.73363274,39928.232277788,39928.264355944,39931.207897051994,39949.233738396,39946.232277788,L1_cap_00024_20260510190531.h5,2434662,1.0,1487997.0,1.0,,24,278845608,OK,1487997.0
2.0000006770715117e-06,0510_f3\L1-TIME_ANGE_DIST_DATA\L1_cap_00025_20260510190534.h5,39934.234809044,39932.731892356,39931.233740396,39931.266213836,39934.20542362,39952.234809044,39949.233740396,L1_cap_00025_20260510190534.h5,2475865,1.0,1487899.0,1.0,,25,275643472,OK,1487899.0
2.0000006770715117e-06,0510_f3\L1-TIME_ANGE_DIST_DATA\L1_cap_00026_20260510190537.h5,39937.738244136,39935.973378172,39934.234811044,39934.268835208,39937.703999612,39955.738244136,39952.234811044,L1_cap_00026_20260510190537.h5,2799819,1.0,1736882.0,1.0,,26,315611660,OK,1736882.0
2.0000006770715117e-06,0510_f3\L1-TIME_ANGE_DIST_DATA\L1_cap_00027_20260510190541.h5,39940.739650816,39939.244893864,39937.738246136,39937.769641431994,39940.70739552,39958.739650816,39955.738246136,L1_cap_00027_20260510190541.h5,2380158,1.0,1487990.0,1.0,,27,273007472,OK,1487990.0
2.0000006770715117e-06,0510_f3\L1-TIME_ANGE_DIST_DATA\L1_cap_00028_20260510190544.h5,39943.741071552,39942.242049552,39940.739652816,39940.770212964,39943.711885408,39961.741071552,39958.739652816,L1_cap_00028_20260510190544.h5,2407726,1.0,1487983.0,1.0,,28,277193320,OK,1487983.0
2.0000006770715117e-06,0510_f3\L1-TIME_ANGE_DIST_DATA\L1_cap_00029_20260510190547.h5,39946.7430803,39945.241082272,39943.741073552,39943.772633704,39946.713123672,39964.7430803,39961.741073552,L1_cap_00029_20260510190547.h5,2392425,1.0,1488312.0,1.0,,29,275165436,OK,1488312.0
2.0000006770715117e-06,0510_f3\L1-TIME_ANGE_DIST_DATA\L1_cap_00030_20260510190550.h5,39949.744697072,39948.16424064,39946.7430823,39946.771400076,39949.721569316,39967.744697072,39964.7430823,L1_cap_00030_20260510190550.h5,2193683,1.0,1483328.0,1.0,,30,240458504,OK,1483328.0
2.0000006770715117e-06,0510_f3\L1-TIME_ANGE_DIST_DATA\L1_cap_00031_20260510190553.h5,39952.746901872,39951.247655828,39949.744699072,39949.784765264,39952.721401744,39970.746901872,39967.744699072,L1_cap_00031_20260510190553.h5,2006474,1.0,1472744.0,1.0,,31,215016260,OK,1472744.0
2.0000006770715117e-06,0510_f3\L1-TIME_ANGE_DIST_DATA\L1_cap_00032_20260510190556.h5,39955.747846688,39954.345471108,39952.746903872,39952.787887432,39955.719335188,39973.747846688,39970.746903872,L1_cap_00032_20260510190556.h5,2288569,1.0,1487227.0,1.0,,32,259124452,OK,1487227.0
2.0000006770715117e-06,0510_f3\L1-TIME_ANGE_DIST_DATA\L1_cap_00033_20260510190559.h5,39958.749883528,39957.248418448,39955.747848692,39955.777430836,39958.719149376,39976.749883528,39973.747848692,L1_cap_00033_20260510190559.h5,2445912,1.0,1488298.0,1.0,,33,281245408,OK,1488298.0
1.0,0510_f3\L1-TIME_ANGE_DIST_DATA\L1_cap_00034_20260510190602.h5,1488298.0,738511.5,1.0,15080.77,1472679.0,1488316.0,19.0,L1_cap_00034_20260510190602.h5,2432278,0.0010056416248471597,1488298.0,1.0,GNSS_SEC_CH1 appears to contain pulse index/count values,34,264510088,REPAIR_CANDIDATE,1488298.0
2.0000006770715117e-06,0510_f3\L1-TIME_ANGE_DIST_DATA\L1_cap_00035_20260510190605.h5,39964.7544193,39963.255509208,39961.751866404,39961.782814556,39964.72401162896,39982.7544193,39979.751866404,L1_cap_00035_20260510190605.h5,2371577,1.0,1488627.0,1.0,,35,266420676,OK,1488627.0
2.0000006770715117e-06,0510_f3\L1-TIME_ANGE_DIST_DATA\L1_cap_00036_20260510190608.h5,39967.756750216,39966.25889612,39964.7544213,39964.785935456,39967.73059640799,39985.756750216,39982.7544213,L1_cap_00036_20260510190608.h5,2397185,1.0,1488431.0,1.0,,36,281634476,OK,1488431.0
2.0000006770715117e-06,0510_f3\L1-TIME_ANGE_DIST_DATA\L1_cap_00037_20260510190611.h5,39970.759417164,39969.267908092,39967.756752216,39967.788370372,39970.732942172,39988.759417164,39985.756752216,L1_cap_00037_20260510190611.h5,2458144,1.0,1488627.0,1.0,,37,288528492,OK,1488627.0
2.0000006770715117e-06,0510_f3\L1-TIME_ANGE_DIST_DATA\L1_cap_00038_20260510190614.h5,39973.75999812,39972.217091772,39970.759419164,39970.788254087995,39973.726821176,39991.75999812,39988.759419164,L1_cap_00038_20260510190614.h5,2411340,1.0,1487577.0,1.0,,38,278061288,OK,1487577.0
2.0000006770715117e-06,0510_f3\L1-TIME_ANGE_DIST_DATA\L1_cap_00039_20260510190617.h5,39976.762077112,39975.262070968,39973.76000012,39973.78792226,39976.728644944,39994.762077112,39991.76000012,L1_cap_00039_20260510190617.h5,2268998,1.0,1487549.0,1.0,,39,257668772,OK,1487549.0
2.0000006770715117e-06,0510_f3\L1-TIME_ANGE_DIST_DATA\L1_cap_00040_20260510190620.h5,39979.7634001,39978.283339064,39976.762083112,39976.793869268,39979.733569952,39997.7634001,39994.762083112,L1_cap_00040_20260510190620.h5,2231556,1.0,1486905.0,3.0,,40,255761388,OK,1486905.0
2.0000006770715117e-06,0510_f3\L1-TIME_ANGE_DIST_DATA\L1_cap_00041_20260510190623.h5,39982.766039108,39981.176347528,39979.7634021,39979.791314236,39982.738016968,40000.766039108,39997.7634021,L1_cap_00041_20260510190623.h5,2151278,1.0,1388737.0,1.0,,41,247513684,OK,1388737.0
2.0000006770715117e-06,0510_f3\L1-TIME_ANGE_DIST_DATA\L1_cap_00042_20260510190626.h5,39985.767516144,39984.280086052,39982.766043108,39982.7970130604,39985.741874016,40003.767516144,40000.766043108,L1_cap_00042_20260510190626.h5,2251591,1.0,1487689.0,2.0,,42,256899592,OK,1487689.0
2.0000006770715117e-06,0510_f3\L1-TIME_ANGE_DIST_DATA\L1_cap_00043_20260510190629.h5,39988.767509196,39987.283109108,39985.767518144,39985.800186388,39988.737047044,40006.767509196,40003.767518144,L1_cap_00043_20260510190629.h5,2297905,1.0,1486793.0,1.0,,43,263545088,OK,1486793.0
2.0000006770715117e-06,0510_f3\L1-TIME_ANGE_DIST_DATA\L1_cap_00044_20260510190632.h5,39991.769938284,39990.260452084,39988.767511196,39988.798727612,39991.738211868,40009.769938284,40006.767511196,L1_cap_00044_20260510190632.h5,2317414,1.0,1487598.0,1.0,,44,266843268,OK,1487598.0
2.0000006770715117e-06,0510_f3\L1-TIME_ANGE_DIST_DATA\L1_cap_00045_20260510190635.h5,39994.770869392,39993.266093184,39991.769940284,39991.795417612004,39994.742090048,40012.770869392,40009.769940284,L1_cap_00045_20260510190635.h5,2272961,1.0,1486709.0,1.0,,45,263811008,OK,1486709.0
2.0000006770715117e-06,0510_f3\L1-TIME_ANGE_DIST_DATA\L1_cap_00046_20260510190638.h5,39997.772080512,39996.2693203,39994.770871392,39994.800775280004,39997.740670612526,40015.772080512,40012.770871392,L1_cap_00046_20260510190638.h5,2260988,1.0,1487192.0,1.0,,46,263952260,OK,1487192.0
2.0000006770715117e-06,0510_f3\L1-TIME_ANGE_DIST_DATA\L1_cap_00047_20260510190641.h5,40000.773473656,39999.274274468,39997.772082512,39997.802793163995,40000.744557015,40018.773473656,40015.772082512,L1_cap_00047_20260510190641.h5,2255026,1.0,1487479.0,1.0,,47,263892256,OK,1487479.0
2.0000006770715117e-06,0510_f3\L1-TIME_ANGE_DIST_DATA\L1_cap_00048_20260510190644.h5,40003.775832812,40002.346152976,40000.773475656,40000.802597484006,40003.74461697599,40021.775832812,40018.773475656,L1_cap_00048_20260510190644.h5,2159685,1.0,1421651.0,1.0,,48,248648648,OK,1421651.0
2.0000006770715117e-06,0510_f3\L1-TIME_ANGE_DIST_DATA\L1_cap_00049_20260510190647.h5,40006.77697402,40005.27462076,40003.775834812,40003.804770295996,40006.750949888,40024.77697402,40021.775834812,L1_cap_00049_20260510190647.h5,2266768,1.0,1487521.0,1.0,,49,262790356,OK,1487521.0
2.0000006770715117e-06,0510_f3\L1-TIME_ANGE_DIST_DATA\L1_cap_00050_20260510190650.h5,40010.278702456,40008.50945118,40006.77697602,40006.813725748,40010.244668284,40028.278702456,40024.77697602,L1_cap_00050_20260510190650.h5,2600678,1.0,1735118.0,1.0,,50,293752100,OK,1735118.0
2.0000006770715117e-06,0510_f3\L1-TIME_ANGE_DIST_DATA\L1_cap_00051_20260510190653.h5,40013.281019676,40011.76714462,40010.278704456,40010.308904612,40013.248774796,40031.281019676,40028.278704456,L1_cap_00051_20260510190653.h5,2151537,1.0,1488298.0,1.0,,51,234165256,OK,1488298.0
2.0000006770715117e-06,0510_f3\L1-TIME_ANGE_DIST_DATA\L1_cap_00052_20260510190656.h5,40016.2833929,40014.795036004,40013.281021676,40013.310236984,40016.253698752,40034.2833929,40031.281021676,L1_cap_00052_20260510190656.h5,2155759,1.0,1488375.0,1.0,,52,238808784,OK,1488375.0
2.0000006770715117e-06,0510_f3\L1-TIME_ANGE_DIST_DATA\L1_cap_00053_20260510190659.h5,40019.285024156,40017.818138336,40016.2833949,40016.31623640668,40019.256172012,40037.285024156,40034.2833949,L1_cap_00053_20260510190659.h5,2249868,1.0,1488165.0,1.0,,53,258918660,OK,1488165.0
1.0,0510_f3\L1-TIME_ANGE_DIST_DATA\L1_cap_00054_20260510190702.h5,1487927.0,752227.0,1.0,15577.0,1472631.7000000002,1487945.0,19.0,L1_cap_00054_20260510190702.h5,2351931,0.0012661936085709997,1487927.0,1.0,GNSS_SEC_CH1 appears to contain pulse index/count values,54,274310360,REPAIR_CANDIDATE,1487927.0
2.0000006770715117e-06,0510_f3\L1-TIME_ANGE_DIST_DATA\L1_cap_00055_20260510190705.h5,40025.788509256,40024.044281708,40022.286363452,40022.317372648,40025.75585804992,40043.788509256,40040.286363452,L1_cap_00055_20260510190705.h5,2804253,1.0,1727278.0,1.0,,55,337589236,OK,1727278.0
2.0000006770715117e-06,0510_f3\L1-TIME_ANGE_DIST_DATA\L1_cap_00056_20260510190709.h5,40029.290965808,40027.5308075,40025.788511256,40025.8254688,40029.256351632,40047.290965808,40043.788511256,L1_cap_00056_20260510190709.h5,2758069,1.0,1736357.0,1.0,,56,335788100,OK,1736357.0
2.0000006770715117e-06,0510_f3\L1-TIME_ANGE_DIST_DATA\L1_cap_00057_20260510190712.h5,40032.792777676,40031.04036808,40029.290967808,40029.326668788,40032.7570006944,40050.792777676,40047.290967808,L1_cap_00057_20260510190712.h5,2736141,1.0,1736112.0,1.0,,57,334321908,OK,1736112.0
2.0000006770715117e-06,0510_f3\L1-TIME_ANGE_DIST_DATA\L1_cap_00058_20260510190716.h5,40035.794479024,40034.296179716,40032.792779676,40032.822921832,40035.763404448,40053.794479024,40050.792779676,L1_cap_00058_20260510190716.h5,2347122,1.0,1488179.0,1.0,,58,286314872,OK,1488179.0
2.0000006770715117e-06,0510_f3\L1-TIME_ANGE_DIST_DATA\L1_cap_00059_20260510190719.h5,40038.795466432,40037.295546044,40035.794481024,40035.825929184,40038.768031292,40056.795466432,40053.794481024,L1_cap_00059_20260510190719.h5,2345751,1.0,1487815.0,1.0,,59,285261796,OK,1487815.0
2.0000006770715117e-06,0510_f3\L1-TIME_ANGE_DIST_DATA\L1_cap_00060_20260510190722.h5,40041.7981758,40040.298615452,40038.795468432,40038.826116592,40041.767545963994,40059.7981758,40056.795468432,L1_cap_00060_20260510190722.h5,2345985,1.0,1488571.0,1.0,,60,286136128,OK,1488571.0
2.0000006770715117e-06,0510_f3\L1-TIME_ANGE_DIST_DATA\L1_cap_00061_20260510190725.h5,40045.301066408,40043.55021212,40041.7981778,40041.834070223995,40045.265535988,40063.301066408,40059.7981778,L1_cap_00061_20260510190725.h5,2740713,1.0,1736616.0,1.0,,61,333684420,OK,1736616.0
2.0000006770715117e-06,0510_f3\L1-TIME_ANGE_DIST_DATA\L1_cap_00062_20260510190728.h5,40048.8034244,40047.048538744,40045.301068408,40045.335793824,40048.768740980006,40066.8034244,40063.301068408,L1_cap_00062_20260510190728.h5,2729363,1.0,1736301.0,1.0,,62,331342260,OK,1736301.0
2.0000006770715117e-06,0510_f3\L1-TIME_ANGE_DIST_DATA\L1_cap_00063_20260510190732.h5,40051.805461828,40050.301956456,40048.8034264,40048.834606556,40051.775055216,40069.805461828,40066.8034264,L1_cap_00063_20260510190732.h5,2336524,1.0,1488298.0,1.0,,63,282988528,OK,1488298.0
2.0000006770715117e-06,0510_f3\L1-TIME_ANGE_DIST_DATA\L1_cap_00064_20260510190735.h5,40054.80762528,40053.30749792,40051.805463828,40051.834183972,40054.780839560844,40072.80762528,40069.805463828,L1_cap_00064_20260510190735.h5,2336480,1.0,1488298.0,1.0,,64,285091684,OK,1488298.0
2.0000006770715117e-06,0510_f3\L1-TIME_ANGE_DIST_DATA\L1_cap_00065_20260510190738.h5,40057.809004724,40056.30913636,40054.807627276,40054.838547836,40057.778036564,40075.809004724,40072.807627276,L1_cap_00065_20260510190738.h5,2331621,1.0,1487969.0,1.0,,65,284443940,OK,1487969.0
2.0000006770715117e-06,0510_f3\L1-TIME_ANGE_DIST_DATA\L1_cap_00066_20260510190741.h5,40060.811868248,40059.308459864,40057.80900672,40057.836930864,40060.780876092,40078.811868248,40075.80900672,L1_cap_00066_20260510190741.h5,2347847,1.0,1488627.0,1.0,,66,285806028,OK,1488627.0
2.0000006770715117e-06,0510_f3\L1-TIME_ANGE_DIST_DATA\L1_cap_00067_20260510190744.h5,40063.813835744,40062.307395316,40060.811870244,40060.8428864,40063.782457044,40081.813835744,40078.811870244,L1_cap_00067_20260510190744.h5,2338428,1.0,1488242.0,1.0,,67,283458776,OK,1488242.0
2.0000006770715117e-06,0510_f3\L1-TIME_ANGE_DIST_DATA\L1_cap_00068_20260510190747.h5,40066.793445112,40065.288634712,40063.813837744,40063.843283892,40066.753028188,40084.793445112,40081.813837744,L1_cap_00068_20260510190747.h5,2289837,1.0,1463133.0,1.0,,68,276634536,OK,1463133.0
2.0000006770715117e-06,0510_f3\L1-TIME_ANGE_DIST_DATA\L1_cap_00069_20260510190750.h5,40069.81618878,40068.374652664,40066.793447112,40066.832925555995,40069.785602384,40087.81618878,40084.793447112,L1_cap_00069_20260510190750.h5,2240113,1.0,1430191.0,1.0,,69,272171992,OK,1430191.0
2.0000006770715117e-06,0510_f3\L1-TIME_ANGE_DIST_DATA\L1_cap_00070_20260510190753.h5,40072.818254316,40071.315286892,40069.81619078,40069.844715107996,40072.78802998,40090.818254316,40087.81619078,L1_cap_00070_20260510190753.h5,2331910,1.0,1488298.0,1.0,,70,283439608,OK,1488298.0
2.0000006770715117e-06,0510_f3\L1-TIME_ANGE_DIST_DATA\L1_cap_00071_20260510190756.h5,40075.819703872,40074.315760436,40072.818256316,40072.84945125356,40075.788425712,40093.819703872,40090.818256316,L1_cap_00071_20260510190756.h5,2323440,1.0,1487969.0,1.0,,71,283403828,OK,1487969.0
2.0000006770715117e-06,0510_f3\L1-TIME_ANGE_DIST_DATA\L1_cap_00072_20260510190759.h5,40078.821783448,40077.321889024,40075.819705876,40075.851482036,40078.793379784,40096.821783448,40093.819705876,L1_cap_00072_20260510190759.h5,2324777,1.0,1488298.0,1.0,,72,284030152,OK,1488298.0
1.0,0510_f3\L1-TIME_ANGE_DIST_DATA\L1_cap_00073_20260510190802.h5,1488571.0,744023.5,1.0,15383.91,1474154.0,1488589.0,19.0,L1_cap_00073_20260510190802.h5,2325192,0.0009366968405189765,1488571.0,1.0,GNSS_SEC_CH1 appears to contain pulse index/count values,73,278147980,REPAIR_CANDIDATE,1488571.0
2.0000006770715117e-06,0510_f3\L1-TIME_ANGE_DIST_DATA\L1_cap_00074_20260510190805.h5,40085.326487964,40083.57344348,40081.824467048,40081.860919036,40085.290085972,40103.326487964,40099.824467048,L1_cap_00074_20260510190805.h5,2714291,1.0,1736098.0,1.0,,74,330919444,OK,1736098.0
2.0000006770715117e-06,0510_f3\L1-TIME_ANGE_DIST_DATA\L1_cap_00075_20260510190809.h5,40088.328035556,40086.826144396,40085.326489964,40085.353583828,40088.298573684,40106.328035556,40103.326489964,L1_cap_00075_20260510190809.h5,2328587,1.0,1488039.0,1.0,,75,284973372,OK,1488039.0
2.0000006770715117e-06,0510_f3\L1-TIME_ANGE_DIST_DATA\L1_cap_00076_20260510190812.h5,40091.330199196,40089.829713992,40088.328037556,40088.358744772,40091.299077976,40109.330199196,40106.328037556,L1_cap_00076_20260510190812.h5,2328454,1.0,1488298.0,1.0,,76,285676072,OK,1488298.0
2.0000006770715117e-06,0510_f3\L1-TIME_ANGE_DIST_DATA\L1_cap_00077_20260510190815.h5,40094.33232086,40092.846978752,40091.330201196,40091.35844484001,40094.302632704,40112.33232086,40109.330201196,L1_cap_00077_20260510190815.h5,2367476,1.0,1488298.0,1.0,,77,287855512,OK,1488298.0
2.0000006770715117e-06,0510_f3\L1-TIME_ANGE_DIST_DATA\L1_cap_00078_20260510190818.h5,40097.333770524,40095.842935376,40094.33232286,40094.36394482,40097.304556572,40115.333770524,40112.33232286,L1_cap_00078_20260510190818.h5,2423191,1.0,1487969.0,1.0,,78,290644616,OK,1487969.0
2.0000006770715117e-06,0510_f3\L1-TIME_ANGE_DIST_DATA\L1_cap_00079_20260510190821.h5,40100.336382204,40098.831022976,40097.333772524,40097.362247408004,40100.305877308,40118.336382204,40115.333772524,L1_cap_00079_20260510190821.h5,2418138,1.0,1488571.0,1.0,,79,286446196,OK,1488571.0
2.0000006770715117e-06,0510_f3\L1-TIME_ANGE_DIST_DATA\L1_cap_00080_20260510190824.h5,40103.338027908,40101.79277146,40100.336384204,40100.36612798,40103.300170092,40121.338027908,40118.336384204,L1_cap_00080_20260510190824.h5,2247982,1.0,1488039.0,1.0,,80,256942728,OK,1488039.0
2.0000006770715117e-06,0510_f3\L1-TIME_ANGE_DIST_DATA\L1_cap_00081_20260510190827.h5,40106.321417524,40104.762778008,40103.338029908,40103.362226032,40106.290485364,40124.321417524,40121.338029908,L1_cap_00081_20260510190827.h5,1947462,1.0,1416471.0,1.0,,81,213970752,OK,1416471.0
2.0000006770715117e-06,0510_f3\L1-TIME_ANGE_DIST_DATA\L1_cap_00082_20260510190830.h5,40109.342215336,40107.895107416,40106.321419524,40106.361871596004,40109.310249311995,40127.342215336,40124.321419524,L1_cap_00082_20260510190830.h5,2027794,1.0,1467641.0,1.0,,82,218717132,OK,1467641.0
2.0000006770715117e-06,0510_f3\L1-TIME_ANGE_DIST_DATA\L1_cap_00083_20260510190833.h5,40112.34292308,40110.850141896,40109.342217336,40109.371640048004,40112.314510936,40130.34292308,40127.342217336,L1_cap_00083_20260510190833.h5,2159429,1.0,1481585.0,1.0,,83,235740644,OK,1481585.0
2.0000006770715117e-06,0510_f3\L1-TIME_ANGE_DIST_DATA\L1_cap_00084_20260510190836.h5,40115.346766852,40113.84972964,40112.342939084,40112.374221244,40115.315209488,40133.346766852,40130.342939084,L1_cap_00084_20260510190836.h5,2242461,1.0,1488578.0,1.0,,84,257550200,OK,1488578.0
2.0000006770715117e-06,0510_f3\L1-TIME_ANGE_DIST_DATA\L1_cap_00085_20260510190839.h5,40118.348258628,40116.826285256,40115.346768852,40115.37160726,40118.315862179996,40136.348258628,40133.346768852,L1_cap_00085_20260510190839.h5,2222115,1.0,1486492.0,1.0,,85,254734336,OK,1486492.0
2.0000006770715117e-06,0510_f3\L1-TIME_ANGE_DIST_DATA\L1_cap_00086_20260510190842.h5,40121.349316392,40119.853967184,40118.348260628,40118.374664204,40121.32073080112,40139.349316392,40136.348260628,L1_cap_00086_20260510190842.h5,2166173,1.0,1487108.0,1.0,,86,242920256,OK,1487108.0
2.0000006770715117e-06,0510_f3\L1-TIME_ANGE_DIST_DATA\L1_cap_00087_20260510190845.h5,40124.351228212,40122.844302896,40121.349318392,40121.378876544,40124.324414072,40142.351228212,40139.349318392,L1_cap_00087_20260510190845.h5,2078653,1.0,1486331.0,1.0,,87,229456964,OK,1486331.0
2.0000006770715117e-06,0510_f3\L1-TIME_ANGE_DIST_DATA\L1_cap_00088_20260510190848.h5,40127.332811924,40125.788722436,40124.351230212,40124.373753008,40127.300845074635,40145.332811924,40142.351230212,L1_cap_00088_20260510190848.h5,1984635,1.0,1411767.0,1.0,,88,220613484,OK,1411767.0
2.0000006770715117e-06,0510_f3\L1-TIME_ANGE_DIST_DATA\L1_cap_00089_20260510190851.h5,40130.354841852,40128.878489728,40127.332813924,40127.367143284,40130.321148496,40148.354841852,40145.332813924,L1_cap_00089_20260510190851.h5,2064860,1.0,1462055.0,1.0,,89,234180224,OK,1462055.0
2.0000006770715117e-06,0510_f3\L1-TIME_ANGE_DIST_DATA\L1_cap_00090_20260510190854.h5,40133.357383684,40131.868555464,40130.354857852,40130.383540004,40133.330145844004,40151.357383684,40148.354857852,L1_cap_00090_20260510190854.h5,2090686,1.0,1483685.0,1.0,,90,236003456,OK,1483685.0
2.0000006770715117e-06,0510_f3\L1-TIME_ANGE_DIST_DATA\L1_cap_00091_20260510190857.h5,40136.36058358,40134.868217304,40133.357399684,40133.39150456,40136.328284708005,40154.36058358,40151.357399684,L1_cap_00091_20260510190857.h5,2074536,1.0,1483209.0,1.0,,91,235297236,OK,1483209.0
2.0000006770715117e-06,0510_f3\L1-TIME_ANGE_DIST_DATA\L1_cap_00092_20260510190900.h5,40139.36300542,40137.854662096,40136.36058558,40136.386657716,40139.33607910036,40157.36300542,40154.36058558,L1_cap_00092_20260510190900.h5,2082410,1.0,1482239.0,1.0,,92,237525660,OK,1482243.0
1.0,0510_f3\L1-TIME_ANGE_DIST_DATA\L1_cap_00093_20260510190903.h5,1481417.0,742237.5,1.0,17029.0,1469551.25,1481435.0,19.0,L1_cap_00093_20260510190903.h5,2053376,0.0007558284503179155,1481417.0,1.0,GNSS_SEC_CH1 appears to contain pulse index/count values,93,229654364,REPAIR_CANDIDATE,1481417.0
2.0000006770715117e-06,0510_f3\L1-TIME_ANGE_DIST_DATA\L1_cap_00094_20260510190906.h5,40145.367411184,40143.876219924,40142.3645493,40142.400526048004,40145.34375250288,40163.367411184,40160.3645493,L1_cap_00094_20260510190906.h5,2116029,1.0,1483328.0,1.0,,94,244043204,OK,1483328.0
2.0000006770715117e-06,0510_f3\L1-TIME_ANGE_DIST_DATA\L1_cap_00095_20260510190909.h5,40148.350661004,40146.79897144,40145.367413184,40145.399069348,40148.316384824,40166.350661004,40163.367413184,L1_cap_00095_20260510190909.h5,2019559,1.0,1407623.0,1.0,,95,233262944,OK,1407623.0
2.0000006770715117e-06,0510_f3\L1-TIME_ANGE_DIST_DATA\L1_cap_00096_20260510190912.h5,40151.29767444,40149.904302854,40148.350663004,40148.387057192,40151.27260905052,40169.29767444,40166.350663004,L1_cap_00096_20260510190912.h5,2150964,1.0,1458156.0,1.0,,96,253556988,OK,1458156.0
2.0000006770715117e-06,0510_f3\L1-TIME_ANGE_DIST_DATA\L1_cap_00097_20260510190915.h5,40154.373678964,40152.860820584,40151.29767644,40151.330822616,40154.34460803201,40172.373678964,40169.29767644,L1_cap_00097_20260510190915.h5,2173240,1.0,1487269.0,1.0,,97,258566512,OK,1487269.0
2.0000006770715117e-06,0510_f3\L1-TIME_ANGE_DIST_DATA\L1_cap_00098_20260510190918.h5,40157.87459552,40156.142115704,40154.373680964,40154.410653656,40157.841580848006,40175.87459552,40172.373680964,L1_cap_00098_20260510190918.h5,2689126,1.0,1735580.0,1.0,,98,325980500,OK,1735580.0
2.0000006770715117e-06,0510_f3\L1-TIME_ANGE_DIST_DATA\L1_cap_00099_20260510190921.h5,40160.877403488,40159.373186864,40157.87459752,40157.90527968,40160.84544016,40178.877403488,40175.87459752,L1_cap_00099_20260510190921.h5,2355059,1.0,1488627.0,1.0,,99,285198780,OK,1488627.0
2.0000006770715117e-06,0510_f3\L1-TIME_ANGE_DIST_DATA\L1_cap_00100_20260510190924.h5,40163.878993468,40162.368816812,40160.877405488,40160.905346155996,40163.852168808,40181.878993468,40178.877405488,L1_cap_00100_20260510190924.h5,2317027,1.0,1487969.0,1.0,,100,282952748,OK,1487969.0
2.0000006770715117e-06,0510_f3\L1-TIME_ANGE_DIST_DATA\L1_cap_00101_20260510190927.h5,40166.881633472,40165.380520848,40163.878995468,40163.910025632,40166.8505349088,40184.881633472,40181.878995468,L1_cap_00101_20260510190927.h5,2300821,1.0,1488557.0,1.0,,101,282370928,OK,1488557.0
2.0000006770715117e-06,0510_f3\L1-TIME_ANGE_DIST_DATA\L1_cap_00102_20260510190930.h5,40169.866773376,40168.356540704,40166.881635472,40166.907477608,40169.82837631428,40187.866773376,40184.881635472,L1_cap_00102_20260510190930.h5,2270044,1.0,1462895.0,1.0,,102,277222412,OK,1462895.0
2.0000006770715117e-06,0510_f3\L1-TIME_ANGE_DIST_DATA\L1_cap_00103_20260510190933.h5,40172.884421484,40171.471742308,40169.866775376,40169.905337576,40172.854773324,40190.884421484,40187.866775376,L1_cap_00103_20260510190933.h5,2175512,1.0,1400105.0,1.0,,103,264262712,OK,1400105.0
2.0000006770715117e-06,0510_f3\L1-TIME_ANGE_DIST_DATA\L1_cap_00104_20260510190936.h5,40175.887159508,40174.387200876,40172.884423484,40172.91455048,40175.85911052168,40193.887159508,40190.884423484,L1_cap_00104_20260510190936.h5,2312243,1.0,1488571.0,1.0,,104,281013796,OK,1488571.0
2.0000006770715117e-06,0510_f3\L1-TIME_ANGE_DIST_DATA\L1_cap_00105_20260510190939.h5,40178.88887554,40177.384185892,40175.887161508,40175.917846132,40178.85797092,40196.88887554,40193.887161508,L1_cap_00105_20260510190939.h5,2311224,1.0,1488039.0,1.0,,105,280468584,OK,1488039.0
2.0000006770715117e-06,0510_f3\L1-TIME_ANGE_DIST_DATA\L1_cap_00106_20260510190942.h5,40181.8909556,40180.38918594,40178.88887754,40178.915865024,40181.860674100004,40199.8909556,40196.88887754,L1_cap_00106_20260510190942.h5,2315368,1.0,1488298.0,1.0,,106,281025952,OK,1488298.0
2.0000006770715117e-06,0510_f3\L1-TIME_ANGE_DIST_DATA\L1_cap_00107_20260510190945.h5,40184.893147664,40183.395048024,40181.8909576,40181.922357764,40184.86246116332,40202.893147664,40199.8909576,L1_cap_00107_20260510190945.h5,2323218,1.0,1488298.0,1.0,,107,281763376,OK,1488298.0
2.0000006770715117e-06,0510_f3\L1-TIME_ANGE_DIST_DATA\L1_cap_00108_20260510190948.h5,40187.89636174,40186.396931088,40184.893149664,40184.924495428,40187.865103576,40205.89636174,40202.893149664,L1_cap_00108_20260510190948.h5,2328281,1.0,1488760.0,1.0,,108,282282112,OK,1488760.0
2.0000006770715117e-06,0510_f3\L1-TIME_ANGE_DIST_DATA\L1_cap_00109_20260510190951.h5,40190.897531832,40189.39514116,40187.89636374,40187.923443584,40190.8690559806,40208.897531832,40205.89636374,L1_cap_00109_20260510190951.h5,2338186,1.0,1487458.0,1.0,,109,282549352,OK,1487458.0
2.0000006770715117e-06,0510_f3\L1-TIME_ANGE_DIST_DATA\L1_cap_00110_20260510190954.h5,40193.900353924,40192.39452122,40190.897533832,40190.927849992,40193.869555764,40211.900353924,40208.897533832,L1_cap_00110_20260510190954.h5,2328862,1.0,1488620.0,1.0,,110,281143652,OK,1488620.0
2.0000006770715117e-06,0510_f3\L1-TIME_ANGE_DIST_DATA\L1_cap_00111_20260510190957.h5,40196.902070032,40195.39992134,40193.900355924,40193.927082868,40196.872019072,40214.902070032,40211.900355924,L1_cap_00111_20260510190957.h5,2326241,1.0,1488039.0,1.0,,111,279025164,OK,1488039.0
2.0000006770715117e-06,0510_f3\L1-TIME_ANGE_DIST_DATA\L1_cap_00112_20260510191000.h5,40199.903772128,40198.406680476,40196.902072032,40196.933084856,40199.874973312,40217.903772128,40214.902072032,L1_cap_00112_20260510191000.h5,2335234,1.0,1488039.0,1.0,,112,282836808,OK,1488039.0
1.0,0510_f3\L1-TIME_ANGE_DIST_DATA\L1_cap_00113_20260510191003.h5,1488039.0,742260.0,1.0,15338.439999999999,1473040.56,1488057.0,19.0,L1_cap_00113_20260510191003.h5,2332645,0.0010421645814086584,1488039.0,1.0,GNSS_SEC_CH1 appears to contain pulse index/count values,113,277585440,REPAIR_CANDIDATE,1488039.0
2.0000006770715117e-06,0510_f3\L1-TIME_ANGE_DIST_DATA\L1_cap_00114_20260510191006.h5,40205.906686396,40204.403146684,40202.90557426,40202.936836964,40205.876109696,40223.906686396,40220.90557426,L1_cap_00114_20260510191006.h5,2329228,1.0,1487766.0,1.0,,114,282002640,OK,1487766.0
2.0000006770715117e-06,0510_f3\L1-TIME_ANGE_DIST_DATA\L1_cap_00115_20260510191009.h5,40208.908654552,40207.40710384,40205.906688396,40205.9338327,40208.881886248004,40226.908654552,40223.906688396,L1_cap_00115_20260510191009.h5,2328409,1.0,1488109.0,1.0,,115,282131620,OK,1488109.0
2.0000006770715117e-06,0510_f3\L1-TIME_ANGE_DIST_DATA\L1_cap_00116_20260510191012.h5,40211.889370592,40210.364461744,40208.908656552,40208.938715988,40211.851327112,40229.889370592,40226.908656552,L1_cap_00116_20260510191012.h5,2254465,1.0,1445549.0,1.0,,116,272849084,OK,1445549.0
2.0000006770715117e-06,0510_f3\L1-TIME_ANGE_DIST_DATA\L1_cap_00117_20260510191015.h5,40214.91180684,40213.400763088,40211.889372592,40211.927796136,40214.880050672,40232.91180684,40229.889372592,L1_cap_00117_20260510191015.h5,2320568,1.0,1494801.0,1.0,,117,282008244,OK,1494801.0
2.0000006770715117e-06,0510_f3\L1-TIME_ANGE_DIST_DATA\L1_cap_00118_20260510191018.h5,40217.913565012,40216.414985304,40214.91180884,40214.940432992,40217.883877156004,40235.913565012,40232.91180884,L1_cap_00118_20260510191018.h5,2313486,1.0,1488025.0,1.0,,118,279826132,OK,1488025.0
2.0000006770715117e-06,0510_f3\L1-TIME_ANGE_DIST_DATA\L1_cap_00119_20260510191021.h5,40220.91592522,40219.41253846,40217.913567012,40217.944233176,40220.885443256004,40238.91592522,40235.913567012,L1_cap_00119_20260510191021.h5,2326891,1.0,1488312.0,1.0,,119,279726204,OK,1488312.0
2.0000006770715117e-06,0510_f3\L1-TIME_ANGE_DIST_DATA\L1_cap_00120_20260510191024.h5,40223.918075364,40222.409812616,40220.91592722,40220.94598938,40223.89130665712,40241.918075364,40238.91592722,L1_cap_00120_20260510191024.h5,2295129,1.0,1488298.0,1.0,,120,264138964,OK,1488298.0
2.0000006770715117e-06,0510_f3\L1-TIME_ANGE_DIST_DATA\L1_cap_00121_20260510191027.h5,40226.918615524,40225.42516488,40223.91807736,40223.950273536,40226.882919336,40244.918615524,40241.91807736,L1_cap_00121_20260510191027.h5,2205017,1.0,1486282.0,1.0,,121,247281856,OK,1486282.0
2.0000006770715117e-06,0510_f3\L1-TIME_ANGE_DIST_DATA\L1_cap_00122_20260510191030.h5,40230.420429164,40228.692433484,40226.918619524,40226.950383692,40230.383868508,40248.420429164,40244.918619524,L1_cap_00122_20260510191030.h5,2574924,1.0,1735258.0,2.0,,122,290801320,OK,1735258.0
2.0000006770715117e-06,0510_f3\L1-TIME_ANGE_DIST_DATA\L1_cap_00123_20260510191034.h5,40233.422257368,40231.913830844,40230.420431164,40230.446852443994,40233.389656052,40251.422257368,40248.420431164,L1_cap_00123_20260510191034.h5,2225258,1.0,1488025.0,1.0,,123,254970688,OK,1488025.0
2.0000006770715117e-06,0510_f3\L1-TIME_ANGE_DIST_DATA\L1_cap_00124_20260510191037.h5,40236.423763572,40234.923631088,40233.422259368,40233.451427524,40236.393870512,40254.423763572,40251.422259368,L1_cap_00124_20260510191037.h5,2217746,1.0,1487843.0,1.0,,124,252508772,OK,1487843.0
2.0000006770715117e-06,0510_f3\L1-TIME_ANGE_DIST_DATA\L1_cap_00125_20260510191040.h5,40239.425059792,40237.927524316,40236.423765572,40236.450278392,40239.394483632,40257.425059792,40254.423765572,L1_cap_00125_20260510191040.h5,2214235,1.0,1487591.0,1.0,,125,251902136,OK,1487591.0
2.0000006770715117e-06,0510_f3\L1-TIME_ANGE_DIST_DATA\L1_cap_00126_20260510191043.h5,40242.427040024,40240.91663048,40239.425061792,40239.454009208,40242.401711888,40260.427040024,40257.425061792,L1_cap_00126_20260510191043.h5,2193564,1.0,1488038.0,1.0,,126,254623824,OK,1488039.0
2.0000006770715117e-06,0510_f3\L1-TIME_ANGE_DIST_DATA\L1_cap_00127_20260510191046.h5,40245.429710284,40243.847108136,40242.427044024,40242.459151876006,40245.400676448,40263.429710284,40260.427044024,L1_cap_00127_20260510191046.h5,2145385,1.0,1488039.0,1.0,,127,247377024,OK,1488039.0
2.0000006770715117e-06,0510_f3\L1-TIME_ANGE_DIST_DATA\L1_cap_00128_20260510191049.h5,40248.430474492,40246.927802992,40245.429712284,40245.461953476,40248.394792304,40266.430474492,40263.429712284,L1_cap_00128_20260510191049.h5,2143652,1.0,1486800.0,1.0,,128,248090736,OK,1486800.0
2.0000006770715117e-06,0510_f3\L1-TIME_ANGE_DIST_DATA\L1_cap_00129_20260510191052.h5,40251.433030772,40249.930601252,40248.430476492,40248.458591724,40251.405477544,40269.433030772,40266.430476492,L1_cap_00129_20260510191052.h5,2097555,1.0,1486800.0,1.0,,129,236427924,OK,1486800.0
2.0000006770715117e-06,0510_f3\L1-TIME_ANGE_DIST_DATA\L1_cap_00130_20260510191055.h5,40254.435041016,40252.947825564,40251.433032772,40251.466742952,40254.403806848,40272.435041016,40269.433032772,L1_cap_00130_20260510191055.h5,2111551,1.0,1486800.0,1.0,,130,239132712,OK,1486800.0
2.0000006770715117e-06,0510_f3\L1-TIME_ANGE_DIST_DATA\L1_cap_00131_20260510191058.h5,40257.43817128,40255.938316768,40254.435043016,40254.460140848,40257.410681136,40275.43817128,40272.435043016,L1_cap_00131_20260510191058.h5,2107686,1.0,1486800.0,1.0,,131,236436780,OK,1486800.0
1.0,0510_f3\L1-TIME_ANGE_DIST_DATA\L1_cap_00132_20260510191101.h5,1485561.0,750495.5,1.0,17044.0,1468081.0,1485579.0,19.0,L1_cap_00132_20260510191101.h5,2076016,0.0007610731323843362,1485561.0,1.0,GNSS_SEC_CH1 appears to contain pulse index/count values,132,227016228,REPAIR_CANDIDATE,1485561.0
1.0,0510_f3\L1-TIME_ANGE_DIST_DATA\L1_cap_00133_20260510191104.h5,1486799.0,743644.0,1.0,13838.0,1474785.7799999998,1486817.0,19.0,L1_cap_00133_20260510191104.h5,2127123,0.0010887945831059135,1486799.0,1.0,less than 95% lidar_time_sec within POS range,133,230257008,BAD_TIME,1486800.0
2.0000006770715117e-06,0510_f3\L1-TIME_ANGE_DIST_DATA\L1_cap_00134_20260510191107.h5,40266.44523814,40265.034586855996,40263.442461856,40263.475932295485,40266.41189996,40284.44523814,40281.442461856,L1_cap_00134_20260510191107.h5,1936014,1.0,1394967.0,2.0,,134,213831492,OK,1394967.0
2.0000006770715117e-06,0510_f3\L1-TIME_ANGE_DIST_DATA\L1_cap_00135_20260510191110.h5,40269.44702444,40267.953243952,40266.445240136,40266.4754423,40269.422286308,40287.44702444,40284.445240136,L1_cap_00135_20260510191110.h5,2115852,1.0,1485708.0,1.0,,135,242501256,OK,1485708.0
2.0000006770715117e-06,0510_f3\L1-TIME_ANGE_DIST_DATA\L1_cap_00136_20260510191113.h5,40272.44837674,40270.902804964,40269.44703044,40269.476860876,40272.415222564,40290.44837674,40287.44703044,L1_cap_00136_20260510191113.h5,2082715,1.0,1486800.0,3.0,,136,231992184,OK,1486800.0
2.0000006770715117e-06,0510_f3\L1-TIME_ANGE_DIST_DATA\L1_cap_00137_20260510191116.h5,40275.45152108,40273.969665648,40272.44837874,40272.477578896,40275.42187,40293.45152108,40290.44837874,L1_cap_00137_20260510191116.h5,2120647,1.0,1486800.0,1.0,,137,234484968,OK,1486800.0
2.0000006770715117e-06,0510_f3\L1-TIME_ANGE_DIST_DATA\L1_cap_00138_20260510191119.h5,40278.453797388,40276.970122974,40275.45152308,40275.480335232,40278.427550228,40296.453797388,40293.45152308,L1_cap_00138_20260510191119.h5,2201952,1.0,1486800.0,1.0,,138,250178700,OK,1486800.0
2.0000006770715117e-06,0510_f3\L1-TIME_ANGE_DIST_DATA\L1_cap_00139_20260510191122.h5,40281.455093732,40279.974024252,40278.453799384,40278.484194388,40281.42653674,40299.455093732,40296.453799384,L1_cap_00139_20260510191122.h5,2285343,1.0,1486989.0,1.0,,139,268604184,OK,1486989.0
2.0000006770715117e-06,0510_f3\L1-TIME_ANGE_DIST_DATA\L1_cap_00140_20260510191125.h5,40284.456026084,40282.950452492,40281.455095732,40281.48649368,40284.425471924,40302.456026084,40299.455095732,L1_cap_00140_20260510191125.h5,2314590,1.0,1487507.0,1.0,,140,277483976,OK,1487507.0
2.0000006770715117e-06,0510_f3\L1-TIME_ANGE_DIST_DATA\L1_cap_00141_20260510191128.h5,40287.456762424,40286.032343052,40284.456028084,40284.483235572,40287.430386944005,40305.456762424,40302.456028084,L1_cap_00141_20260510191128.h5,2189368,1.0,1413608.0,1.0,,141,265637960,OK,1413608.0
2.0000006770715117e-06,0510_f3\L1-TIME_ANGE_DIST_DATA\L1_cap_00142_20260510191131.h5,40290.458268792,40288.961262232,40287.456764424,40287.4861424,40290.431046648,40308.458268792,40305.456764424,L1_cap_00142_20260510191131.h5,2304892,1.0,1488011.0,1.0,,142,280088324,OK,1488011.0
2.0000006770715117e-06,0510_f3\L1-TIME_ANGE_DIST_DATA\L1_cap_00143_20260510191134.h5,40293.46082516,40291.956355572,40290.458270792,40290.488242152,40293.430084996,40311.46082516,40308.458270792,L1_cap_00143_20260510191134.h5,2309261,1.0,1488501.0,1.0,,143,278876748,OK,1488501.0
2.0000006770715117e-06,0510_f3\L1-TIME_ANGE_DIST_DATA\L1_cap_00144_20260510191137.h5,40296.462625536,40294.96665202,40293.46082716,40293.49022732,40296.430890564,40314.462625536,40311.46082716,L1_cap_00144_20260510191137.h5,2298741,1.0,1488039.0,1.0,,144,278551368,OK,1488039.0
2.0000006770715117e-06,0510_f3\L1-TIME_ANGE_DIST_DATA\L1_cap_00145_20260510191140.h5,40299.965236592,40298.265398708,40296.589286208,40296.620624916,40299.93337788,40317.965236592,40314.589286208,L1_cap_00145_20260510191140.h5,2562428,1.0,1683528.0,1.0,,145,313455528,OK,1683528.0
2.0000006770715117e-06,0510_f3\L1-TIME_ANGE_DIST_DATA\L1_cap_00146_20260510191143.h5,40302.966854984,40301.466432212,40299.965238592,40299.99610919688,40302.940354404,40320.966854984,40317.965238592,L1_cap_00146_20260510191143.h5,2264423,1.0,1487983.0,1.0,,146,277622260,OK,1487983.0
2.0000006770715117e-06,0510_f3\L1-TIME_ANGE_DIST_DATA\L1_cap_00147_20260510191146.h5,40305.948957284,40304.463216544,40302.966870984,40302.998371152,40305.919623088,40323.948957284,40320.966870984,L1_cap_00147_20260510191146.h5,2260203,1.0,1478414.0,1.0,,147,275081144,OK,1478414.0
2.0000006770715117e-06,0510_f3\L1-TIME_ANGE_DIST_DATA\L1_cap_00148_20260510191149.h5,40308.968607724,40307.543919312,40305.948959288,40305.98263678664,40308.938695568,40326.968607724,40323.948959288,L1_cap_00148_20260510191149.h5,2165767,1.0,1414980.0,1.0,,148,260988528,OK,1414980.0
2.0000006770715117e-06,0510_f3\L1-TIME_ANGE_DIST_DATA\L1_cap_00149_20260510191152.h5,40311.970576156,40310.469505332,40308.968609724,40308.995570788,40311.939803072,40329.970576156,40326.968609724,L1_cap_00149_20260510191152.h5,2281547,1.0,1488228.0,1.0,,149,275867964,OK,1488228.0
2.0000006770715117e-06,0510_f3\L1-TIME_ANGE_DIST_DATA\L1_cap_00150_20260510191155.h5,40314.972768568,40313.468499728,40311.970578156,40312.002208811995,40314.9409747,40332.972768568,40329.970578156,L1_cap_00150_20260510191155.h5,2279786,1.0,1488368.0,1.0,,150,276602504,OK,1488368.0
2.0000006770715117e-06,0510_f3\L1-TIME_ANGE_DIST_DATA\L1_cap_00151_20260510191158.h5,40317.973910976,40316.473388164,40314.972770568,40315.002362028,40317.942612808,40335.973910976,40332.972770568,L1_cap_00151_20260510191158.h5,2269327,1.0,1487780.0,1.0,,151,274298816,OK,1487780.0
1.0,0510_f3\L1-TIME_ANGE_DIST_DATA\L1_cap_00152_20260510191201.h5,1488886.0,744710.0,1.0,13280.880000000001,1473346.0,1488904.0,19.0,L1_cap_00152_20260510191201.h5,2266189,0.0012885068279830146,1488886.0,1.0,GNSS_SEC_CH1 appears to contain pulse index/count values,152,269289856,REPAIR_CANDIDATE,1488886.0
1.0,0510_f3\L1-TIME_ANGE_DIST_DATA\L1_cap_00153_20260510191204.h5,1488172.0,743348.0,1.0,14740.0,1472823.67,1488190.0,19.0,L1_cap_00153_20260510191204.h5,2264834,0.0010186177000168666,1488172.0,1.0,GNSS_SEC_CH1 appears to contain pulse index/count values,153,269499652,REPAIR_CANDIDATE,1488172.0
2.0000006770715117e-06,0510_f3\L1-TIME_ANGE_DIST_DATA\L1_cap_00154_20260510191207.h5,40326.965494208,40325.473030424,40323.97892784,40324.005290768,40326.93411374,40344.965494208,40341.97892784,L1_cap_00154_20260510191207.h5,2255716,1.0,1480689.0,1.0,,154,273143748,OK,1480689.0
2.0000006770715117e-06,0510_f3\L1-TIME_ANGE_DIST_DATA\L1_cap_00155_20260510191210.h5,40329.982526748,40328.549372268,40326.965496208,40326.99400806,40329.953036588,40347.982526748,40344.965496208,L1_cap_00155_20260510191210.h5,2170386,1.0,1420524.0,1.0,,155,261785280,OK,1420524.0
2.0000006770715117e-06,0510_f3\L1-TIME_ANGE_DIST_DATA\L1_cap_00156_20260510191213.h5,40332.983767188,40331.409036752,40329.982528748,40330.00920112,40332.953301024,40350.983767188,40347.982528748,L1_cap_00156_20260510191213.h5,2275074,1.0,1487843.0,1.0,,156,276001868,OK,1487843.0
2.0000006770715117e-06,0510_f3\L1-TIME_ANGE_DIST_DATA\L1_cap_00157_20260510191216.h5,40335.986757656,40334.488178812,40332.983769188,40333.015338128,40335.959833592,40353.986757656,40350.983769188,L1_cap_00157_20260510191216.h5,2287997,1.0,1488760.0,1.0,,157,274721104,OK,1488760.0
2.0000006770715117e-06,0510_f3\L1-TIME_ANGE_DIST_DATA\L1_cap_00158_20260510191219.h5,40338.98867012,40337.48625226,40335.986759656,40336.017295091995,40338.957063448004,40356.98867012,40353.986759656,L1_cap_00158_20260510191219.h5,2282026,1.0,1488298.0,1.0,,158,275462980,OK,1488298.0
2.0000006770715117e-06,0510_f3\L1-TIME_ANGE_DIST_DATA\L1_cap_00159_20260510191222.h5,40341.99086258,40340.48989974,40338.98867212,40339.018197044,40341.962646908,40359.99086258,40356.98867212,L1_cap_00159_20260510191222.h5,2283977,1.0,1488298.0,1.0,,159,276989524,OK,1488298.0
2.0000006770715117e-06,0510_f3\L1-TIME_ANGE_DIST_DATA\L1_cap_00160_20260510191225.h5,40344.993461064,40343.491897192,40341.99086458,40342.021473824,40344.962558595995,40362.993461064,40359.99086458,L1_cap_00160_20260510191225.h5,2285816,1.0,1488627.0,1.0,,160,275954088,OK,1488627.0
2.0000006770715117e-06,0510_f3\L1-TIME_ANGE_DIST_DATA\L1_cap_00161_20260510191228.h5,40347.995877528,40346.495815692004,40344.993463064,40345.021411976,40347.969197384,40365.995877528,40362.993463064,L1_cap_00161_20260510191228.h5,2289188,1.0,1488431.0,1.0,,161,277884140,OK,1488431.0
2.0000006770715117e-06,0510_f3\L1-TIME_ANGE_DIST_DATA\L1_cap_00162_20260510191231.h5,40351.496711464,40349.631313864,40347.995879528,40348.02967252,40351.463147284,40369.496711464,40365.995879528,L1_cap_00162_20260510191231.h5,2486703,1.0,1618463.0,1.0,,162,301212356,OK,1618463.0
2.0000006770715117e-06,0510_f3\L1-TIME_ANGE_DIST_DATA\L1_cap_00163_20260510191235.h5,40354.498049956,40353.003880116,40351.496713468,40351.5250572,40354.467460212,40372.498049956,40369.496713468,L1_cap_00163_20260510191235.h5,2307780,1.0,1487969.0,1.0,,163,276898160,OK,1487969.0
2.0000006770715117e-06,0510_f3\L1-TIME_ANGE_DIST_DATA\L1_cap_00164_20260510191238.h5,40357.500578436,40356.000009576,40354.498051956,40354.529536124,40357.472955448,40375.500578436,40372.498051956,L1_cap_00164_20260510191238.h5,2304243,1.0,1488557.0,1.0,,164,275364860,OK,1488557.0
2.0000006770715117e-06,0510_f3\L1-TIME_ANGE_DIST_DATA\L1_cap_00165_20260510191241.h5,40360.502196928,40358.999014308,40357.500580436,40357.530444456,40360.472594907995,40378.502196928,40375.500580436,L1_cap_00165_20260510191241.h5,2257594,1.0,1488158.0,1.0,,165,260501168,OK,1488158.0
2.0000006770715117e-06,0510_f3\L1-TIME_ANGE_DIST_DATA\L1_cap_00166_20260510191244.h5,40363.503787436,40361.957954544,40360.502198928,40360.532357092,40363.47109126,40381.503787436,40378.502198928,L1_cap_00166_20260510191244.h5,2229456,1.0,1488123.0,1.0,,166,255843624,OK,1488123.0
2.0000006770715117e-06,0510_f3\L1-TIME_ANGE_DIST_DATA\L1_cap_00167_20260510191247.h5,40366.505349924,40365.005808064,40363.503789436,40363.529177995995,40366.480973376005,40384.505349924,40381.503789436,L1_cap_00167_20260510191247.h5,2126922,1.0,1488039.0,1.0,,167,238547448,OK,1488039.0
2.0000006770715117e-06,0510_f3\L1-TIME_ANGE_DIST_DATA\L1_cap_00168_20260510191250.h5,40370.007667904,40368.24495086,40366.505351924,40366.543913752,40369.970284904,40388.007667904,40384.505351924,L1_cap_00168_20260510191250.h5,2426382,1.0,1736357.0,1.0,,168,273460364,OK,1736357.0
2.0000006770715117e-06,0510_f3\L1-TIME_ANGE_DIST_DATA\L1_cap_00169_20260510191253.h5,40373.009272416,40371.516378828004,40370.007669904,40370.03634606,40372.983888935996,40391.009272416,40388.007669904,L1_cap_00169_20260510191253.h5,2118130,1.0,1487521.0,1.0,,169,242795020,OK,1487521.0
2.0000006770715117e-06,0510_f3\L1-TIME_ANGE_DIST_DATA\L1_cap_00170_20260510191256.h5,40376.010876936,40374.5127863,40373.009274416,40373.0434488966,40375.985925748,40394.010876936,40391.009274416,L1_cap_00170_20260510191256.h5,2145316,1.0,1486800.0,1.0,,170,248081124,OK,1486800.0
2.0000006770715117e-06,0510_f3\L1-TIME_ANGE_DIST_DATA\L1_cap_00171_20260510191259.h5,40379.013755456,40377.5101318,40376.010878936,40376.04116184,40378.981259792,40397.013755456,40394.010878936,L1_cap_00171_20260510191259.h5,2154038,1.0,1480605.0,1.0,,171,247961232,OK,1480605.0
1.0,0510_f3\L1-TIME_ANGE_DIST_DATA\L1_cap_00172_20260510191302.h5,1487834.0,743506.5,1.0,13589.93,1472579.0,1487852.0,19.0,L1_cap_00172_20260510191302.h5,2157594,0.0014919396327575994,1487834.0,1.0,less than 95% lidar_time_sec within POS range,172,248607616,BAD_TIME,1487836.0
2.0000006770715117e-06,0510_f3\L1-TIME_ANGE_DIST_DATA\L1_cap_00173_20260510191305.h5,40385.017118504,40383.51041784,40382.01539198,40382.046228088,40384.98695562,40403.017118504,40400.01539198,L1_cap_00173_20260510191305.h5,2127998,1.0,1488242.0,2.0,,173,249921536,OK,1488242.0
2.0000006770715117e-06,0510_f3\L1-TIME_ANGE_DIST_DATA\L1_cap_00174_20260510191308.h5,40388.018989044,40386.513092356,40385.017120504,40385.04667432,40387.990352468,40406.018989044,40403.017120504,L1_cap_00174_20260510191308.h5,2115784,1.0,1488298.0,1.0,,174,247334884,OK,1488298.0
2.0000006770715117e-06,0510_f3\L1-TIME_ANGE_DIST_DATA\L1_cap_00175_20260510191311.h5,40391.020369572,40389.519533912,40388.018991044,40388.050725212,40390.988545644,40409.020369572,40406.018991044,L1_cap_00175_20260510191311.h5,2101350,1.0,1488039.0,1.0,,175,245342304,OK,1488039.0
2.0000006770715117e-06,0510_f3\L1-TIME_ANGE_DIST_DATA\L1_cap_00176_20260510191314.h5,40393.999825204,40392.507640372,40391.020371576,40391.04762754,40393.960515172,40411.999825204,40409.020371576,L1_cap_00176_20260510191314.h5,2100192,1.0,1472240.0,1.0,,176,242584196,OK,1472240.0
2.0000006770715117e-06,0510_f3\L1-TIME_ANGE_DIST_DATA\L1_cap_00177_20260510191317.h5,40397.025146656,40395.593447372,40393.999827204,40394.038480104,40396.997493836,40415.025146656,40411.999827204,L1_cap_00177_20260510191317.h5,1981596,1.0,1415470.0,1.0,,177,226542868,OK,1415470.0
2.0000006770715117e-06,0510_f3\L1-TIME_ANGE_DIST_DATA\L1_cap_00178_20260510191320.h5,40400.026653204,40398.553204676,40397.025148656,40397.056433684,40399.997081395995,40418.026653204,40415.025148656,L1_cap_00178_20260510191320.h5,2062144,1.0,1483594.0,1.0,,178,234152776,OK,1483594.0
2.0000006770715117e-06,0510_f3\L1-TIME_ANGE_DIST_DATA\L1_cap_00179_20260510191323.h5,40403.028369756,40401.52158806,40400.026655204,40400.049422648,40402.999915504006,40421.028369756,40418.026655204,L1_cap_00179_20260510191323.h5,2019867,1.0,1476958.0,1.0,,179,226496068,OK,1476958.0
2.0000006770715117e-06,0510_f3\L1-TIME_ANGE_DIST_DATA\L1_cap_00180_20260510191326.h5,40406.029974316,40404.54298072,40403.028371756,40403.05963188664,40405.996508028,40424.029974316,40421.028371756,L1_cap_00180_20260510191326.h5,2003067,1.0,1477686.0,1.0,,180,223770768,OK,1477686.0
2.0000006770715117e-06,0510_f3\L1-TIME_ANGE_DIST_DATA\L1_cap_00181_20260510191329.h5,40409.032082876,40407.552525324,40406.029976316,40406.058922312004,40409.002918716,40427.032082876,40424.029976316,L1_cap_00181_20260510191329.h5,1993193,1.0,1480584.0,1.0,,181,224730960,OK,1480584.0
2.0000006770715117e-06,0510_f3\L1-TIME_ANGE_DIST_DATA\L1_cap_00182_20260510191332.h5,40412.034751444,40410.536071784,40409.032084876,40409.055410580004,40412.011617316,40430.034751444,40427.032084876,L1_cap_00182_20260510191332.h5,1994780,1.0,1483034.0,1.0,,182,221659136,OK,1483034.0
2.0000006770715117e-06,0510_f3\L1-TIME_ANGE_DIST_DATA\L1_cap_00183_20260510191335.h5,40415.01081986,40413.584464592,40412.03475344,40412.072193164,40414.984228948,40433.01081986,40430.03475344,L1_cap_00183_20260510191335.h5,2037477,1.0,1470742.0,1.0,,183,232000876,OK,1470742.0
2.0000006770715117e-06,0510_f3\L1-TIME_ANGE_DIST_DATA\L1_cap_00184_20260510191338.h5,40418.03749858,40416.592672204,40415.01082186,40415.054568764004,40418.01160844,40436.03749858,40433.01082186,L1_cap_00184_20260510191338.h5,1970834,1.0,1407525.0,1.0,,184,224697600,OK,1407525.0
2.0000006770715117e-06,0510_f3\L1-TIME_ANGE_DIST_DATA\L1_cap_00185_20260510191341.h5,40421.040083172,40419.53199744,40418.03750058,40418.06394672,40421.006077628,40439.040083172,40436.03750058,L1_cap_00185_20260510191341.h5,2105369,1.0,1485092.0,1.0,,185,240003140,OK,1485092.0
2.0000006770715117e-06,0510_f3\L1-TIME_ANGE_DIST_DATA\L1_cap_00186_20260510191344.h5,40424.042289756,40422.592952336,40421.040085172,40421.07093486,40424.012578076,40442.042289756,40439.040085172,L1_cap_00186_20260510191344.h5,2197477,1.0,1486289.0,1.0,,186,256216136,OK,1486289.0
2.0000006770715117e-06,0510_f3\L1-TIME_ANGE_DIST_DATA\L1_cap_00187_20260510191347.h5,40427.04382434,40425.53771062,40424.042291756,40424.074251188,40427.01409492,40445.04382434,40442.042291756,L1_cap_00187_20260510191347.h5,2284464,1.0,1488039.0,1.0,,187,276002712,OK,1488039.0
2.0000006770715117e-06,0510_f3\L1-TIME_ANGE_DIST_DATA\L1_cap_00188_20260510191350.h5,40430.045470936,40428.548529264,40427.04382634,40427.074201644,40430.01609278,40448.045470936,40445.04382634,L1_cap_00188_20260510191350.h5,2270558,1.0,1488039.0,1.0,,188,275532696,OK,1488039.0
2.0000006770715117e-06,0510_f3\L1-TIME_ANGE_DIST_DATA\L1_cap_00189_20260510191353.h5,40433.04722952,40431.556283892,40430.045472936,40430.076513104,40433.016609352,40451.04722952,40448.045472936,L1_cap_00189_20260510191353.h5,2288959,1.0,1488298.0,1.0,,189,277796500,OK,1488298.0
2.0000006770715117e-06,0510_f3\L1-TIME_ANGE_DIST_DATA\L1_cap_00190_20260510191356.h5,40436.048288116,40434.463420968,40433.04723152,40433.076065676,40436.018525952,40454.048288116,40451.04723152,L1_cap_00190_20260510191356.h5,2182344,1.0,1412201.0,1.0,,190,263548508,OK,1412201.0
2.0000006770715117e-06,0510_f3\L1-TIME_ANGE_DIST_DATA\L1_cap_00191_20260510191359.h5,40439.05049472,40437.546669004,40436.048290116,40436.075568724,40439.022234107084,40457.05049472,40454.048290116,L1_cap_00191_20260510191359.h5,2269324,1.0,1488557.0,1.0,,191,275916596,OK,1488557.0
1.0,0510_f3\L1-TIME_ANGE_DIST_DATA\L1_cap_00192_20260510191402.h5,1488438.0,744490.0,1.0,15458.96,1475308.04,1488456.0,19.0,L1_cap_00192_20260510191402.h5,2271897,0.0012808679266709715,1488438.0,1.0,GNSS_SEC_CH1 appears to contain pulse index/count values,192,271615104,REPAIR_CANDIDATE,1488438.0
2.0000006770715117e-06,0510_f3\L1-TIME_ANGE_DIST_DATA\L1_cap_00193_20260510191405.h5,40445.55401064,40443.80305758,40442.052521324,40442.08878116,40445.519958816,40463.55401064,40460.052521324,L1_cap_00193_20260510191405.h5,2650283,1.0,1736161.0,1.0,,193,320883832,OK,1736161.0
2.0000006770715117e-06,0510_f3\L1-TIME_ANGE_DIST_DATA\L1_cap_00194_20260510191409.h5,40448.555335232,40447.058107352,40445.55401264,40445.585256808,40448.525899076,40466.555335232,40463.55401264,L1_cap_00194_20260510191409.h5,2263694,1.0,1488039.0,1.0,,194,273778128,OK,1488039.0
2.0000006770715117e-06,0510_f3\L1-TIME_ANGE_DIST_DATA\L1_cap_00195_20260510191412.h5,40451.556603848,40450.055879946,40448.555337236,40448.5862753,40451.52538578,40469.556603848,40466.555337236,L1_cap_00195_20260510191412.h5,2275196,1.0,1488039.0,1.0,,195,273835584,OK,1488039.0
2.0000006770715117e-06,0510_f3\L1-TIME_ANGE_DIST_DATA\L1_cap_00196_20260510191415.h5,40454.558250468,40453.059493576,40451.556605848,40451.586963212,40454.528061108,40472.558250468,40469.556605848,L1_cap_00196_20260510191415.h5,2274461,1.0,1488298.0,1.0,,196,273405508,OK,1488298.0
2.0000006770715117e-06,0510_f3\L1-TIME_ANGE_DIST_DATA\L1_cap_00197_20260510191418.h5,40457.560079076,40456.058204168,40454.558252468,40454.58580662,40457.529232632,40475.560079076,40472.558252468,L1_cap_00197_20260510191418.h5,2274315,1.0,1488039.0,1.0,,197,273855888,OK,1488039.0
2.0000006770715117e-06,0510_f3\L1-TIME_ANGE_DIST_DATA\L1_cap_00198_20260510191421.h5,40460.561515716,40459.0621348,40457.560081076,40457.587033504,40460.530105548,40478.561515716,40475.560081076,L1_cap_00198_20260510191421.h5,2281615,1.0,1488165.0,1.0,,198,276581304,OK,1488165.0
2.0000006770715117e-06,0510_f3\L1-TIME_ANGE_DIST_DATA\L1_cap_00199_20260510191424.h5,40463.562910328,40462.061073412,40460.561517716,40460.59186584,40463.5321262,40481.562910328,40478.561517716,L1_cap_00199_20260510191424.h5,2278799,1.0,1488242.0,1.0,,199,276396404,OK,1488242.0
2.0000006770715117e-06,0510_f3\L1-TIME_ANGE_DIST_DATA\L1_cap_00200_20260510191427.h5,40466.563450944,40465.063104032,40463.562912328,40463.592427924,40466.536937360004,40484.563450944,40481.562912328,L1_cap_00200_20260510191427.h5,2272173,1.0,1487710.0,1.0,,200,272370316,OK,1487710.0
2.0000006770715117e-06,0510_f3\L1-TIME_ANGE_DIST_DATA\L1_cap_00201_20260510191430.h5,40469.5646076,40468.069261696,40466.563452944,40466.594239368,40469.533547168,40487.5646076,40484.563452944,L1_cap_00201_20260510191430.h5,2268114,1.0,1487969.0,1.0,,201,271932644,OK,1487969.0
2.0000006770715117e-06,0510_f3\L1-TIME_ANGE_DIST_DATA\L1_cap_00202_20260510191433.h5,40472.568998264,40470.956387908,40469.564609596,40469.588715208,40472.540066623995,40490.568998264,40487.564609596,L1_cap_00202_20260510191433.h5,2103975,1.0,1382864.0,1.0,,202,252073448,OK,1382864.0
2.0000006770715117e-06,0510_f3\L1-TIME_ANGE_DIST_DATA\L1_cap_00203_20260510191436.h5,40475.569958876,40474.066325904,40472.56900026,40472.595717408,40475.538818704,40493.569958876,40490.56900026,L1_cap_00203_20260510191436.h5,2255751,1.0,1487969.0,1.0,,203,271688960,OK,1487969.0
2.0000006770715117e-06,0510_f3\L1-TIME_ANGE_DIST_DATA\L1_cap_00204_20260510191439.h5,40478.571563468,40477.071010556,40475.569960872,40475.60031904,40478.54038618,40496.571563468,40493.569960872,L1_cap_00204_20260510191439.h5,2251557,1.0,1488298.0,1.0,,204,272345056,OK,1488298.0
2.0000006770715117e-06,0510_f3\L1-TIME_ANGE_DIST_DATA\L1_cap_00205_20260510191442.h5,40481.573714108,40480.071871176,40478.571565464,40478.602962796,40481.542111936,40499.573714108,40496.571565464,L1_cap_00205_20260510191442.h5,2251259,1.0,1488501.0,1.0,,205,273795924,OK,1488501.0
2.0000006770715117e-06,0510_f3\L1-TIME_ANGE_DIST_DATA\L1_cap_00206_20260510191445.h5,40484.574982752,40483.071476804,40481.573716108,40481.602152484,40484.544542588,40502.574982752,40499.573716108,L1_cap_00206_20260510191445.h5,2241912,1.0,1488039.0,1.0,,206,272736612,OK,1488039.0
2.0000006770715117e-06,0510_f3\L1-TIME_ANGE_DIST_DATA\L1_cap_00207_20260510191448.h5,40487.576083368,40486.082316488,40484.574984752,40484.606946724,40487.549895428005,40505.576083368,40502.574984752,L1_cap_00207_20260510191448.h5,2273791,1.0,1488039.0,1.0,,207,274800888,OK,1488039.0
2.0000006770715117e-06,0510_f3\L1-TIME_ANGE_DIST_DATA\L1_cap_00208_20260510191451.h5,40490.578332016,40489.075596088,40487.576085368,40487.60758484,40490.546718544,40508.578332016,40505.576085368,L1_cap_00208_20260510191451.h5,2281766,1.0,1488557.0,1.0,,208,273333200,OK,1488557.0
2.0000006770715117e-06,0510_f3\L1-TIME_ANGE_DIST_DATA\L1_cap_00209_20260510191454.h5,40493.581070672,40491.99006046,40490.578334016,40490.6068425712,40493.550968108,40511.581070672,40508.578334016,L1_cap_00209_20260510191454.h5,2138821,1.0,1414420.0,1.0,,209,256697164,OK,1414420.0
2.0000006770715117e-06,0510_f3\L1-TIME_ANGE_DIST_DATA\L1_cap_00210_20260510191457.h5,40496.583943328,40495.061314272,40493.581072672,40493.605368524,40496.549985144,40514.583943328,40511.581072672,L1_cap_00210_20260510191457.h5,2080787,1.0,1483080.0,1.0,,210,247185012,OK,1483083.0
2.0000006770715117e-06,0510_f3\L1-TIME_ANGE_DIST_DATA\L1_cap_00211_20260510191500.h5,40499.585819976,40498.067641944,40496.583951328,40496.61195748,40499.547815708,40517.585819976,40514.583951328,L1_cap_00211_20260510191500.h5,1982604,1.0,1469748.0,1.0,,211,232181160,OK,1469748.0
1.0,0510_f3\L1-TIME_ANGE_DIST_DATA\L1_cap_00212_20260510191503.h5,1461726.0,731387.5,1.0,12735.57,1449355.43,1461744.0,19.0,L1_cap_00212_20260510191503.h5,1920258,0.0013867928163819653,1461726.0,1.0,GNSS_SEC_CH1 appears to contain pulse index/count values,212,217868508,REPAIR_CANDIDATE,1461726.0
2.0000006770715117e-06,0510_f3\L1-TIME_ANGE_DIST_DATA\L1_cap_00213_20260510191506.h5,40505.587321264,40504.100730416,40502.586278616,40502.622422256,40505.55678166,40523.587321264,40520.586278616,L1_cap_00213_20260510191506.h5,2067173,1.0,1478127.0,1.0,,213,238490160,OK,1478127.0
2.0000006770715117e-06,0510_f3\L1-TIME_ANGE_DIST_DATA\L1_cap_00214_20260510191509.h5,40509.089121428,40507.298853124,40505.587323264,40505.619405436,40509.055299104,40527.089121428,40523.587323264,L1_cap_00214_20260510191509.h5,2378808,1.0,1707804.0,1.0,,214,275147760,OK,1707804.0
2.0000006770715117e-06,0510_f3\L1-TIME_ANGE_DIST_DATA\L1_cap_00215_20260510191512.h5,40512.090416088,40510.56443122,40509.089123428,40509.12054996,40512.053324708,40530.090416088,40527.089123428,L1_cap_00215_20260510191512.h5,1941860,1.0,1459191.0,1.0,,215,222300952,OK,1459192.0
2.0000006770715117e-06,0510_f3\L1-TIME_ANGE_DIST_DATA\L1_cap_00216_20260510191515.h5,40515.091966744,40513.508643574,40512.090420088,40512.114282876,40515.066313944,40533.091966744,40530.090420088,L1_cap_00216_20260510191515.h5,1760134,1.0,1397550.0,1.0,,216,195126000,OK,1397550.0
2.0000006770715117e-06,0510_f3\L1-TIME_ANGE_DIST_DATA\L1_cap_00217_20260510191518.h5,40518.594170128,40516.877409236,40515.091968744,40515.132684964,40518.558860175996,40536.594170128,40533.091968744,L1_cap_00217_20260510191518.h5,2231389,1.0,1711646.0,1.0,,217,249144708,OK,1711647.0
2.0000006770715117e-06,0510_f3\L1-TIME_ANGE_DIST_DATA\L1_cap_00218_20260510191522.h5,40521.596056784,40520.088021816,40518.594174128,40518.623158883995,40521.559290588,40539.596056784,40536.594174128,L1_cap_00218_20260510191522.h5,2042631,1.0,1482054.0,1.0,,218,234580500,OK,1482054.0
2.0000006770715117e-06,0510_f3\L1-TIME_ANGE_DIST_DATA\L1_cap_00219_20260510191525.h5,40524.59778746,40523.108148588,40521.596058784,40521.626589792,40524.567019292,40542.59778746,40539.596058784,L1_cap_00219_20260510191525.h5,2204743,1.0,1487171.0,1.0,,219,259591784,OK,1487171.0
2.0000006770715117e-06,0510_f3\L1-TIME_ANGE_DIST_DATA\L1_cap_00220_20260510191528.h5,40527.599154132,40526.112590268,40524.59778946,40524.624293604,40527.572062208004,40545.599154132,40542.59778946,L1_cap_00220_20260510191528.h5,2248790,1.0,1487472.0,1.0,,220,265738212,OK,1487472.0
2.0000006770715117e-06,0510_f3\L1-TIME_ANGE_DIST_DATA\L1_cap_00221_20260510191531.h5,40530.602788808,40529.090226812,40527.599156132,40527.6298883,40530.57183464,40548.602788808,40545.599156132,L1_cap_00221_20260510191531.h5,2255568,1.0,1489453.0,1.0,,221,272602576,OK,1489453.0
2.0000006770715117e-06,0510_f3\L1-TIME_ANGE_DIST_DATA\L1_cap_00222_20260510191534.h5,40533.604589488,40532.104412548,40530.602790808,40530.63456898,40533.577868764,40551.604589488,40548.602790808,L1_cap_00222_20260510191534.h5,2233130,1.0,1488431.0,1.0,,222,272274656,OK,1488431.0
2.0000006770715117e-06,0510_f3\L1-TIME_ANGE_DIST_DATA\L1_cap_00223_20260510191537.h5,40536.582786032,40535.070305036,40533.604591488,40533.635318556,40536.54663694,40554.582786032,40551.604591488,L1_cap_00223_20260510191537.h5,2176546,1.0,1452633.0,1.0,,223,265096800,OK,1452633.0
2.0000006770715117e-06,0510_f3\L1-TIME_ANGE_DIST_DATA\L1_cap_00224_20260510191540.h5,40539.60807884,40538.13259204,40536.582788032,40536.62442106,40539.581887896,40557.60807884,40554.582788032,L1_cap_00224_20260510191540.h5,2204741,1.0,1466451.0,1.0,,224,268119372,OK,1466451.0
2.0000006770715117e-06,0510_f3\L1-TIME_ANGE_DIST_DATA\L1_cap_00225_20260510191543.h5,40542.611559524,40541.110419592,40539.60808084,40539.639091948,40542.58123441788,40560.611559524,40557.60808084,L1_cap_00225_20260510191543.h5,2241148,1.0,1489278.0,1.0,,225,272535144,OK,1489278.0
2.0000006770715117e-06,0510_f3\L1-TIME_ANGE_DIST_DATA\L1_cap_00226_20260510191546.h5,40545.612940196,40544.11451128,40542.61156152,40542.64085968,40545.582168632,40563.612940196,40560.61156152,L1_cap_00226_20260510191546.h5,2246671,1.0,1488298.0,1.0,,226,272074840,OK,1488298.0
2.0000006770715117e-06,0510_f3\L1-TIME_ANGE_DIST_DATA\L1_cap_00227_20260510191549.h5,40548.615118884,40547.11440694,40545.612942196,40545.640356344,40548.583565216,40566.615118884,40563.612942196,L1_cap_00227_20260510191549.h5,2252476,1.0,1488627.0,1.0,,227,272732808,OK,1488627.0
2.0000006770715117e-06,0510_f3\L1-TIME_ANGE_DIST_DATA\L1_cap_00228_20260510191552.h5,40551.616485568,40550.115804624,40548.615120884,40548.644977088006,40551.584889396,40569.616485568,40566.615120884,L1_cap_00228_20260510191552.h5,2252303,1.0,1487192.0,1.0,,228,271385720,OK,1487192.0
2.0000006770715117e-06,0510_f3\L1-TIME_ANGE_DIST_DATA\L1_cap_00229_20260510191555.h5,40554.619112252,40553.117584312,40551.616487568,40551.643592016,40554.592168104,40572.619112252,40569.616487568,L1_cap_00229_20260510191555.h5,2253616,1.0,1488942.0,1.0,,229,271201944,OK,1488942.0
2.0000006770715117e-06,0510_f3\L1-TIME_ANGE_DIST_DATA\L1_cap_00230_20260510191558.h5,40557.61997492,40556.121820008,40554.619114252,40554.65037842,40557.589060631995,40575.61997492,40572.619114252,L1_cap_00230_20260510191558.h5,2247207,1.0,1488116.0,1.0,,230,269891348,OK,1488116.0
1.0,0510_f3\L1-TIME_ANGE_DIST_DATA\L1_cap_00231_20260510191601.h5,1488816.0,743773.0,1.0,13703.0,1473673.0,1488834.0,19.0,L1_cap_00231_20260510191601.h5,2248093,0.0012188107876320063,1488816.0,1.0,GNSS_SEC_CH1 appears to contain pulse index/count values,231,266065524,REPAIR_CANDIDATE,1488816.0
1.0,0510_f3\L1-TIME_ANGE_DIST_DATA\L1_cap_00232_20260510191604.h5,1488760.0,744123.5,1.0,14346.0,1473350.5299999998,1488778.0,19.0,L1_cap_00232_20260510191604.h5,2254548,0.0010347972187773335,1488760.0,1.0,GNSS_SEC_CH1 appears to contain pulse index/count values,232,266140936,REPAIR_CANDIDATE,1488760.0
2.0000006770715117e-06,0510_f3\L1-TIME_ANGE_DIST_DATA\L1_cap_00233_20260510191607.h5,40566.627336992,40565.045056616,40563.624474304,40563.64953844,40566.599280024,40584.627336992,40581.624474304,L1_cap_00233_20260510191607.h5,2133442,1.0,1408722.0,1.0,,233,255476916,OK,1408722.0
2.0000006770715117e-06,0510_f3\L1-TIME_ANGE_DIST_DATA\L1_cap_00234_20260510191610.h5,40569.627933688,40568.121604712,40566.627338996,40566.65836142052,40569.596255256,40587.627933688,40584.627338996,L1_cap_00234_20260510191610.h5,2251614,1.0,1487864.0,1.0,,234,269497904,OK,1487864.0
2.0000006770715117e-06,0510_f3\L1-TIME_ANGE_DIST_DATA\L1_cap_00235_20260510191613.h5,40572.629132372,40571.126955424,40569.627935684,40569.654866532,40572.598633504,40590.629132372,40587.627935684,L1_cap_00235_20260510191613.h5,2243036,1.0,1488235.0,1.0,,235,270191968,OK,1488235.0
2.0000006770715117e-06,0510_f3\L1-TIME_ANGE_DIST_DATA\L1_cap_00236_20260510191616.h5,40575.631591068,40574.132113144,40572.629134372,40572.65958454,40575.600104356,40593.631591068,40590.629134372,L1_cap_00236_20260510191616.h5,2243328,1.0,1488886.0,1.0,,236,271265500,OK,1488886.0
2.0000006770715117e-06,0510_f3\L1-TIME_ANGE_DIST_DATA\L1_cap_00237_20260510191619.h5,40578.632775748,40577.131779803996,40575.631593068,40575.662470136,40578.60242958,40596.632775748,40593.631593068,L1_cap_00237_20260510191619.h5,2241146,1.0,1488298.0,1.0,,237,270053836,OK,1488298.0
2.0000006770715117e-06,0510_f3\L1-TIME_ANGE_DIST_DATA\L1_cap_00238_20260510191622.h5,40581.633750428,40580.135158502,40578.632777748,40578.66421546,40581.605510276,40599.633750428,40596.632777748,L1_cap_00238_20260510191622.h5,2243478,1.0,1488172.0,1.0,,238,269781316,OK,1488172.0
2.0000006770715117e-06,0510_f3\L1-TIME_ANGE_DIST_DATA\L1_cap_00239_20260510191625.h5,40584.634879108,40583.13496618,40581.633752428,40581.664811776,40584.60361176,40602.634879108,40599.633752428,L1_cap_00239_20260510191625.h5,2244060,1.0,1488298.0,1.0,,239,268322884,OK,1488298.0
2.0000006770715117e-06,0510_f3\L1-TIME_ANGE_DIST_DATA\L1_cap_00240_20260510191628.h5,40587.639157828,40586.048812392,40584.634881108,40584.664715392006,40587.61226356,40605.639157828,40602.634881108,L1_cap_00240_20260510191628.h5,2108607,1.0,1401309.0,1.0,,240,252285600,OK,1401309.0
2.0000006770715117e-06,0510_f3\L1-TIME_ANGE_DIST_DATA\L1_cap_00241_20260510191631.h5,40590.641602512,40589.1451296,40587.639159824,40587.670257196,40590.614353164,40608.641602512,40605.639159824,L1_cap_00241_20260510191631.h5,2250561,1.0,1489019.0,1.0,,241,268713368,OK,1489019.0
2.0000006770715117e-06,0510_f3\L1-TIME_ANGE_DIST_DATA\L1_cap_00242_20260510191634.h5,40593.642829204,40592.144693292,40590.641604512,40590.672491260004,40593.611964455995,40611.642829204,40608.641604512,L1_cap_00242_20260510191634.h5,2251030,1.0,1488298.0,1.0,,242,269723140,OK,1488298.0
2.0000006770715117e-06,0510_f3\L1-TIME_ANGE_DIST_DATA\L1_cap_00243_20260510191637.h5,40596.644979904,40595.145964976,40593.642831204,40593.67489423601,40596.614052876,40614.644979904,40611.642831204,L1_cap_00243_20260510191637.h5,2289544,1.0,1488886.0,1.0,,243,272185372,OK,1488886.0
2.0000006770715117e-06,0510_f3\L1-TIME_ANGE_DIST_DATA\L1_cap_00244_20260510191640.h5,40599.6464166,40598.146431648,40596.644981904,40596.676350076,40599.619387092,40617.6464166,40614.644981904,L1_cap_00244_20260510191640.h5,2275669,1.0,1488431.0,1.0,,244,272616260,OK,1488431.0
2.0000006770715117e-06,0510_f3\L1-TIME_ANGE_DIST_DATA\L1_cap_00245_20260510191643.h5,40602.648749336,40601.14925436,40599.6464186,40599.677615528,40602.619186416,40620.648749336,40617.6464186,L1_cap_00245_20260510191643.h5,2296539,1.0,1488886.0,1.0,,245,273971728,OK,1488886.0
2.0000006770715117e-06,0510_f3\L1-TIME_ANGE_DIST_DATA\L1_cap_00246_20260510191646.h5,40605.649709988,40604.147254032,40602.648751336,40602.680049508,40605.617626112005,40623.649709988,40620.648751336,L1_cap_00246_20260510191646.h5,2285086,1.0,1488172.0,1.0,,246,272634064,OK,1488172.0
2.0000006770715117e-06,0510_f3\L1-TIME_ANGE_DIST_DATA\L1_cap_00247_20260510191649.h5,40608.650810676,40607.05882922,40605.649711988,40605.676543056,40608.624118532,40626.650810676,40623.649711988,L1_cap_00247_20260510191649.h5,2130747,1.0,1417416.0,1.0,,247,249264900,OK,1417416.0
2.0000006770715117e-06,0510_f3\L1-TIME_ANGE_DIST_DATA\L1_cap_00248_20260510191652.h5,40611.652541352,40610.165568496,40608.650812676,40608.6848874,40611.622047184,40629.652541352,40626.650812676,L1_cap_00248_20260510191652.h5,2267428,1.0,1488298.0,1.0,,248,261428128,OK,1488298.0
2.0000006770715117e-06,0510_f3\L1-TIME_ANGE_DIST_DATA\L1_cap_00249_20260510191655.h5,40614.653740104,40613.100587824,40611.652543352,40611.680604602196,40614.62040192,40632.653740104,40629.652543352,L1_cap_00249_20260510191655.h5,2166156,1.0,1487780.0,1.0,,249,248164832,OK,1487780.0
2.0000006770715117e-06,0510_f3\L1-TIME_ANGE_DIST_DATA\L1_cap_00250_20260510191658.h5,40617.655412752,40616.04186718,40614.653742104,40614.68560092,40617.616899904,40635.655412752,40632.653742104,L1_cap_00250_20260510191658.h5,2017433,1.0,1484321.0,1.0,,250,226445760,OK,1484322.0
1.0,0510_f3\L1-TIME_ANGE_DIST_DATA\L1_cap_00251_20260510191701.h5,1461999.0,728312.5,1.0,14310.630000000001,1451641.0,1462017.0,19.0,L1_cap_00251_20260510191701.h5,1859564,0.0012309337027389216,1461999.0,1.0,GNSS_SEC_CH1 appears to contain pulse index/count values,251,203513736,REPAIR_CANDIDATE,1461999.0
1.0,0510_f3\L1-TIME_ANGE_DIST_DATA\L1_cap_00252_20260510191704.h5,1470714.0,705104.5,1.0,13374.25,1456659.75,1470732.0,19.0,L1_cap_00252_20260510191704.h5,1909826,0.0010634476648658045,1470714.0,1.0,GNSS_SEC_CH1 appears to contain pulse index/count values,252,207997008,REPAIR_CANDIDATE,1470714.0
2.0000006770715117e-06,0510_f3\L1-TIME_ANGE_DIST_DATA\L1_cap_00253_20260510191707.h5,40626.663168852,40625.145553812,40623.660840128,40623.694553492,40626.637623532,40644.663168852,40641.660840128,L1_cap_00253_20260510191707.h5,1863260,1.0,1476888.0,2.0,,253,204384996,OK,1476888.0
2.0000006770715117e-06,0510_f3\L1-TIME_ANGE_DIST_DATA\L1_cap_00254_20260510191710.h5,40629.666691572,40628.375147736,40626.663170848,40626.692455648,40629.64597681872,40647.666691572,40644.663170848,L1_cap_00254_20260510191710.h5,1642933,1.0,1286082.0,1.0,,254,182559828,OK,1286082.0
2.0000006770715117e-06,0510_f3\L1-TIME_ANGE_DIST_DATA\L1_cap_00255_20260510191713.h5,40632.66807226,40631.16113328,40629.666693568,40629.701521279996,40632.639512584,40650.66807226,40647.666693568,L1_cap_00255_20260510191713.h5,2059277,1.0,1485820.0,1.0,,255,234335236,OK,1485820.0
2.0000006770715117e-06,0510_f3\L1-TIME_ANGE_DIST_DATA\L1_cap_00256_20260510191716.h5,40635.66886494,40634.140583852,40632.66807426,40632.699328428,40635.632748744,40653.66886494,40650.66807426,L1_cap_00256_20260510191716.h5,2076263,1.0,1484063.0,1.0,,256,232435460,OK,1484063.0
2.0000006770715117e-06,0510_f3\L1-TIME_ANGE_DIST_DATA\L1_cap_00257_20260510191719.h5,40638.670115632,40637.1713677,40635.66886694,40635.696411188,40638.6415213798,40656.670115632,40653.66886694,L1_cap_00257_20260510191719.h5,2002406,1.0,1486798.0,1.0,,257,218521272,OK,1486800.0
2.0000006770715117e-06,0510_f3\L1-TIME_ANGE_DIST_DATA\L1_cap_00258_20260510191722.h5,40641.67132834,40640.164115356,40638.670145632,40638.699951556,40641.637104392,40659.67132834,40656.670145632,L1_cap_00258_20260510191722.h5,1982789,1.0,1486798.0,6.0,,258,216343956,OK,1486800.0
2.0000006770715117e-06,0510_f3\L1-TIME_ANGE_DIST_DATA\L1_cap_00259_20260510191725.h5,40644.672923036,40643.181508136,40641.67133434,40641.699411052,40644.64375688,40662.672923036,40659.67133434,L1_cap_00259_20260510191725.h5,1989229,1.0,1488039.0,1.0,,259,218057292,OK,1488039.0
2.0000006770715117e-06,0510_f3\L1-TIME_ANGE_DIST_DATA\L1_cap_00260_20260510191728.h5,40647.656943636,40646.120486504,40644.672925036,40644.700688148,40647.622672492005,40665.656943636,40662.672925036,L1_cap_00260_20260510191728.h5,2011449,1.0,1450939.0,1.0,,260,228165316,OK,1450939.0
2.0000006770715117e-06,0510_f3\L1-TIME_ANGE_DIST_DATA\L1_cap_00261_20260510191731.h5,40650.676818424,40649.213283688,40647.656945636,40647.691458424,40650.647780264,40668.676818424,40665.656945636,L1_cap_00261_20260510191731.h5,2064931,1.0,1456343.0,1.0,,261,236033372,OK,1456343.0
2.0000006770715117e-06,0510_f3\L1-TIME_ANGE_DIST_DATA\L1_cap_00262_20260510191734.h5,40653.678801124,40652.186383228,40650.676820424,40650.711826152,40653.649326964,40671.678801124,40668.676820424,L1_cap_00262_20260510191734.h5,2137878,1.0,1488949.0,1.0,,262,243166924,OK,1488949.0
2.0000006770715117e-06,0510_f3\L1-TIME_ANGE_DIST_DATA\L1_cap_00263_20260510191737.h5,40656.680783824,40655.158407764,40653.678803124,40653.70778128,40656.648144588005,40674.680783824,40671.678803124,L1_cap_00263_20260510191737.h5,2270354,1.0,1488886.0,1.0,,263,267452164,OK,1488886.0
2.0000006770715117e-06,0510_f3\L1-TIME_ANGE_DIST_DATA\L1_cap_00264_20260510191740.h5,40659.683032528,40658.198225676,40656.680785828,40656.711503372004,40659.652908984,40677.683032528,40674.680785828,L1_cap_00264_20260510191740.h5,2230770,1.0,1489019.0,1.0,,264,261326852,OK,1489019.0
2.0000006770715117e-06,0510_f3\L1-TIME_ANGE_DIST_DATA\L1_cap_00265_20260510191743.h5,40662.684063216,40661.175114236,40659.683034528,40659.715640144,40662.653191048,40680.684063216,40677.683034528,L1_cap_00265_20260510191743.h5,2206773,1.0,1488431.0,1.0,,265,256713224,OK,1488431.0
2.0000006770715117e-06,0510_f3\L1-TIME_ANGE_DIST_DATA\L1_cap_00266_20260510191746.h5,40665.685289916,40664.179036944,40662.684065216,40662.711053364,40665.658255772,40683.685289916,40680.684065216,L1_cap_00266_20260510191746.h5,2224024,1.0,1488557.0,1.0,,266,261348728,OK,1488557.0
2.0000006770715117e-06,0510_f3\L1-TIME_ANGE_DIST_DATA\L1_cap_00267_20260510191749.h5,40668.665936496,40667.138042412,40665.685291916,40665.71545754,40668.624540272,40686.665936496,40683.685291916,L1_cap_00267_20260510191749.h5,2154274,1.0,1436218.0,1.0,,267,255397456,OK,1436218.0
2.0000006770715117e-06,0510_f3\L1-TIME_ANGE_DIST_DATA\L1_cap_00268_20260510191752.h5,40671.690991328,40670.239368648,40668.665938496,40668.70454306728,40671.661366808,40689.690991328,40686.665938496,L1_cap_00268_20260510191752.h5,2133819,1.0,1438332.0,1.0,,268,246795624,OK,1438332.0
2.0000006770715117e-06,0510_f3\L1-TIME_ANGE_DIST_DATA\L1_cap_00269_20260510191755.h5,40674.692386024,40673.191031072,40671.690993328,40671.721593492,40674.660759012,40692.692386024,40689.690993328,L1_cap_00269_20260510191755.h5,2224043,1.0,1488690.0,1.0,,269,266128248,OK,1488690.0
2.0000006770715117e-06,0510_f3\L1-TIME_ANGE_DIST_DATA\L1_cap_00270_20260510191758.h5,40677.69411672,40676.196721796,40674.692388024,40674.72101818,40677.662899632,40695.69411672,40692.692388024,L1_cap_00270_20260510191758.h5,2246847,1.0,1488760.0,1.0,,270,267697864,OK,1488760.0
1.0,0510_f3\L1-TIME_ANGE_DIST_DATA\L1_cap_00271_20260510191801.h5,1489145.0,749372.0,1.0,15038.96,1475970.04,1489163.0,19.0,L1_cap_00271_20260510191801.h5,2245997,0.0010418535732683526,1489145.0,1.0,GNSS_SEC_CH1 appears to contain pulse index/count values,271,263329148,REPAIR_CANDIDATE,1489145.0
1.0,0510_f3\L1-TIME_ANGE_DIST_DATA\L1_cap_00272_20260510191804.h5,1488690.0,746674.0,1.0,15351.970000000001,1473299.0,1488708.0,19.0,L1_cap_00272_20260510191804.h5,2255898,0.0009450781905919506,1488690.0,1.0,GNSS_SEC_CH1 appears to contain pulse index/count values,272,264484476,REPAIR_CANDIDATE,1488690.0
2.0000006770715117e-06,0510_f3\L1-TIME_ANGE_DIST_DATA\L1_cap_00273_20260510191807.h5,40687.200232336,40685.500993496,40683.698182112,40683.7325123,40687.164927824,40705.200232336,40701.698182112,L1_cap_00273_20260510191807.h5,2567317,1.0,1734229.0,1.0,,273,298670476,OK,1734229.0
2.0000006770715117e-06,0510_f3\L1-TIME_ANGE_DIST_DATA\L1_cap_00274_20260510191810.h5,40690.201935024,40688.701811276,40687.200234336,40687.228504488,40690.171138856,40708.201935024,40705.200234336,L1_cap_00274_20260510191810.h5,2195685,1.0,1488669.0,1.0,,274,248382504,OK,1488669.0
2.0000006770715117e-06,0510_f3\L1-TIME_ANGE_DIST_DATA\L1_cap_00275_20260510191813.h5,40693.204421708,40691.611790474,40690.20193702,40690.229073988,40693.17336954,40711.204421708,40708.20193702,L1_cap_00275_20260510191813.h5,2029642,1.0,1403080.0,1.0,,275,221301136,OK,1403080.0
2.0000006770715117e-06,0510_f3\L1-TIME_ANGE_DIST_DATA\L1_cap_00276_20260510191816.h5,40696.206222412,40694.702576692,40693.204423708,40693.233894548,40696.181101591996,40714.206222412,40711.204423708,L1_cap_00276_20260510191816.h5,2124135,1.0,1488746.0,1.0,,276,231766772,OK,1488746.0
2.0000006770715117e-06,0510_f3\L1-TIME_ANGE_DIST_DATA\L1_cap_00277_20260510191819.h5,40699.208289092,40697.70915944,40696.206224408,40696.2408292,40699.177936328,40717.208289092,40714.206224408,L1_cap_00277_20260510191819.h5,2165231,1.0,1488886.0,1.0,,277,234153532,OK,1488886.0
2.0000006770715117e-06,0510_f3\L1-TIME_ANGE_DIST_DATA\L1_cap_00278_20260510191822.h5,40702.209403772,40700.701766048,40699.208291092,40699.238727096,40702.178587608,40720.209403772,40717.208291092,L1_cap_00278_20260510191822.h5,2163093,1.0,1488431.0,1.0,,278,233161664,OK,1488431.0
2.0000006770715117e-06,0510_f3\L1-TIME_ANGE_DIST_DATA\L1_cap_00279_20260510191825.h5,40705.211652484,40703.715367752,40702.209405772,40702.234510088,40705.181372324,40723.211652484,40720.209405772,L1_cap_00279_20260510191825.h5,2158110,1.0,1489019.0,1.0,,279,236028032,OK,1489019.0
2.0000006770715117e-06,0510_f3\L1-TIME_ANGE_DIST_DATA\L1_cap_00280_20260510191828.h5,40708.214083168,40706.722801544,40705.211654488,40705.241284488,40708.187581184,40726.214083168,40723.211654488,L1_cap_00280_20260510191828.h5,2114893,1.0,1489096.0,1.0,,280,233250556,OK,1489096.0
2.0000006770715117e-06,0510_f3\L1-TIME_ANGE_DIST_DATA\L1_cap_00281_20260510191831.h5,40711.216443864,40709.726330168,40708.214085168,40708.246547584,40711.187427708,40729.216443864,40726.214085168,L1_cap_00281_20260510191831.h5,2104013,1.0,1489068.0,1.0,,281,233941008,OK,1489068.0
2.0000006770715117e-06,0510_f3\L1-TIME_ANGE_DIST_DATA\L1_cap_00282_20260510191834.h5,40714.218354572,40712.702302732,40711.216445864,40711.247493572,40714.193258892,40732.218354572,40729.216445864,L1_cap_00282_20260510191834.h5,1998078,1.0,1402939.0,1.0,,282,230125640,OK,1402940.0
2.0000006770715117e-06,0510_f3\L1-TIME_ANGE_DIST_DATA\L1_cap_00283_20260510191837.h5,40717.221417256,40715.720188504,40714.218358572,40714.250468924,40717.188793076,40735.221417256,40732.218358572,L1_cap_00283_20260510191837.h5,2124310,1.0,1489278.0,1.0,,283,247686072,OK,1489278.0
2.0000006770715117e-06,0510_f3\L1-TIME_ANGE_DIST_DATA\L1_cap_00284_20260510191840.h5,40720.223259932,40718.722326204,40717.221419256,40717.249113584,40720.189843572,40738.223259932,40735.221419256,L1_cap_00284_20260510191840.h5,2129210,1.0,1488557.0,1.0,,284,246881840,OK,1488557.0
2.0000006770715117e-06,0510_f3\L1-TIME_ANGE_DIST_DATA\L1_cap_00285_20260510191843.h5,40723.225452624,40721.723755968,40720.223261932,40720.252277431995,40723.19847648,40741.225452624,40738.223261932,L1_cap_00285_20260510191843.h5,2146668,1.0,1488760.0,1.0,,285,246242836,OK,1488760.0
2.0000006770715117e-06,0510_f3\L1-TIME_ANGE_DIST_DATA\L1_cap_00286_20260510191846.h5,40726.226917332,40724.719368528,40723.225454628,40723.257416579996,40726.191260016,40744.226917332,40741.225454628,L1_cap_00286_20260510191846.h5,2118690,1.0,1485526.0,1.0,,286,242317204,OK,1485526.0
2.0000006770715117e-06,0510_f3\L1-TIME_ANGE_DIST_DATA\L1_cap_00287_20260510191849.h5,40729.229782008,40727.75454042,40726.226919332,40726.251895468,40729.19864784,40747.229782008,40744.226919332,L1_cap_00287_20260510191849.h5,2110185,1.0,1486443.0,1.0,,287,235787964,OK,1486443.0
2.0000006770715117e-06,0510_f3\L1-TIME_ANGE_DIST_DATA\L1_cap_00288_20260510191852.h5,40732.731721396,40730.982509328,40729.229784008,40729.262254184,40732.697095208,40750.731721396,40747.229784008,L1_cap_00288_20260510191852.h5,2470240,1.0,1737078.0,1.0,,288,282426156,OK,1737078.0
2.0000006770715117e-06,0510_f3\L1-TIME_ANGE_DIST_DATA\L1_cap_00289_20260510191856.h5,40735.734208104,40734.245469236,40732.731723396,40732.764075552,40735.705015964,40753.734208104,40750.731723396,L1_cap_00289_20260510191856.h5,2136900,1.0,1489278.0,1.0,,289,244845240,OK,1489278.0
2.0000006770715117e-06,0510_f3\L1-TIME_ANGE_DIST_DATA\L1_cap_00290_20260510191859.h5,40738.7358408,40737.136897316,40735.734210104,40735.762676496,40738.707066644,40756.7358408,40753.734210104,L1_cap_00290_20260510191859.h5,2003813,1.0,1401701.0,1.0,,290,231544340,OK,1401701.0
1.0,0510_f3\L1-TIME_ANGE_DIST_DATA\L1_cap_00291_20260510191902.h5,1488557.0,745450.0,1.0,15191.310000000001,1473134.0,1488575.0,19.0,L1_cap_00291_20260510191902.h5,2113432,0.0009274014967124563,1488557.0,1.0,GNSS_SEC_CH1 appears to contain pulse index/count values,291,241749044,REPAIR_CANDIDATE,1488557.0
2.0000006770715117e-06,0510_f3\L1-TIME_ANGE_DIST_DATA\L1_cap_00292_20260510191905.h5,40744.739302144,40743.2366782,40741.73748946,40741.768746368,40744.707629232,40762.739302144,40759.73748946,L1_cap_00292_20260510191905.h5,2109738,1.0,1488557.0,1.0,,292,247314452,OK,1488557.0
2.0000006770715117e-06,0510_f3\L1-TIME_ANGE_DIST_DATA\L1_cap_00293_20260510191908.h5,40747.740626832,40746.235530876,40744.739304144,40744.768422924,40747.70941266,40765.740626832,40762.739304144,L1_cap_00293_20260510191908.h5,2105532,1.0,1488242.0,1.0,,293,247450208,OK,1488242.0
2.0000006770715117e-06,0510_f3\L1-TIME_ANGE_DIST_DATA\L1_cap_00294_20260510191911.h5,40750.742147496,40749.244920592,40747.740628832,40747.772089,40750.710777848,40768.742147496,40765.740628832,L1_cap_00294_20260510191911.h5,2106775,1.0,1488298.0,1.0,,294,247341364,OK,1488298.0
2.0000006770715117e-06,0510_f3\L1-TIME_ANGE_DIST_DATA\L1_cap_00295_20260510191914.h5,40753.744326184,40752.251357296,40750.7421495,40750.771971459995,40753.717802240004,40771.744326184,40768.7421495,L1_cap_00295_20260510191914.h5,2134191,1.0,1489019.0,1.0,,295,248291900,OK,1489019.0
2.0000006770715117e-06,0510_f3\L1-TIME_ANGE_DIST_DATA\L1_cap_00296_20260510191917.h5,40756.746518876,40755.244492929996,40753.744328184,40753.774294348,40756.716294812,40774.746518876,40771.744328184,L1_cap_00296_20260510191917.h5,2159396,1.0,1488886.0,1.0,,296,246787840,OK,1488886.0
2.0000006770715117e-06,0510_f3\L1-TIME_ANGE_DIST_DATA\L1_cap_00297_20260510191920.h5,40759.729615444,40758.202606372,40756.746520876,40756.7766792,40759.690129068,40777.729615444,40774.746520876,L1_cap_00297_20260510191920.h5,2103409,1.0,1449693.0,1.0,,297,237978840,OK,1449693.0
2.0000006770715117e-06,0510_f3\L1-TIME_ANGE_DIST_DATA\L1_cap_00298_20260510191923.h5,40762.750246228,40761.287318496,40759.729629444,40759.76607494,40762.72273678,40780.750246228,40777.729629444,L1_cap_00298_20260510191923.h5,2091366,1.0,1446529.0,7.0,,298,237009616,OK,1446529.0
2.0000006770715117e-06,0510_f3\L1-TIME_ANGE_DIST_DATA\L1_cap_00299_20260510191926.h5,40765.752130896,40764.257419996,40762.750248228,40762.779633908,40765.721956732,40783.752130896,40780.750248228,L1_cap_00299_20260510191926.h5,2150477,1.0,1488858.0,1.0,,299,245244924,OK,1488858.0
2.0000006770715117e-06,0510_f3\L1-TIME_ANGE_DIST_DATA\L1_cap_00300_20260510191929.h5,40768.753763576,40767.25060264,40765.752132896,40765.782967064,40768.724048812,40786.753763576,40783.752132896,L1_cap_00300_20260510191929.h5,2153231,1.0,1487605.0,1.0,,300,239413876,OK,1487605.0
2.0000006770715117e-06,0510_f3\L1-TIME_ANGE_DIST_DATA\L1_cap_00301_20260510191932.h5,40771.754486244,40770.253392312,40768.753765576,40768.78424256,40771.72369926,40789.754486244,40786.753765576,L1_cap_00301_20260510191932.h5,2154942,1.0,1486128.0,1.0,,301,242103192,OK,1486128.0
2.0000006770715117e-06,0510_f3\L1-TIME_ANGE_DIST_DATA\L1_cap_00302_20260510191935.h5,40774.755236904,40773.246052936,40771.754488244,40771.78325422,40774.727346936,40792.755236904,40789.754488244,L1_cap_00302_20260510191935.h5,2148992,1.0,1487003.0,1.0,,302,240230276,OK,1487003.0
2.0000006770715117e-06,0510_f3\L1-TIME_ANGE_DIST_DATA\L1_cap_00303_20260510191938.h5,40777.75749962,40776.23892656,40774.755238904,40774.78500338463,40777.729147144004,40795.75749962,40792.755238904,L1_cap_00303_20260510191938.h5,2085817,1.0,1487836.0,1.0,,303,236345044,OK,1487836.0
2.0000006770715117e-06,0510_f3\L1-TIME_ANGE_DIST_DATA\L1_cap_00304_20260510191941.h5,40780.741058172,40779.23343718,40777.75750162,40777.785821412,40780.70590034,40798.741058172,40795.75750162,L1_cap_00304_20260510191941.h5,2142483,1.0,1446543.0,1.0,,304,248166048,OK,1446543.0
2.0000006770715117e-06,0510_f3\L1-TIME_ANGE_DIST_DATA\L1_cap_00305_20260510191944.h5,40783.761366904,40782.314735294,40780.741060172,40780.777978372,40783.73489676,40801.761366904,40798.741060172,L1_cap_00305_20260510191944.h5,2173380,1.0,1441202.0,1.0,,305,254850128,OK,1441202.0
2.0000006770715117e-06,0510_f3\L1-TIME_ANGE_DIST_DATA\L1_cap_00306_20260510191947.h5,40786.76249556,40785.254231615996,40783.761368904,40783.792853072,40786.730972132,40804.76249556,40801.761368904,L1_cap_00306_20260510191947.h5,2238364,1.0,1488662.0,1.0,,306,268137164,OK,1488662.0
2.0000006770715117e-06,0510_f3\L1-TIME_ANGE_DIST_DATA\L1_cap_00307_20260510191950.h5,40789.765486248,40788.262989316,40786.76249756,40786.789301763994,40789.737272096,40807.765486248,40804.76249756,L1_cap_00307_20260510191950.h5,2228104,1.0,1489607.0,1.0,,307,268605704,OK,1489607.0
2.0000006770715117e-06,0510_f3\L1-TIME_ANGE_DIST_DATA\L1_cap_00309_20260510191956.h5,40795.77001158,40794.269376668,40792.767050904,40792.798357072,40795.743203032,40813.77001158,40810.767050904,L1_cap_00309_20260510191956.h5,2229121,1.0,1489607.0,1.0,,309,267843044,OK,1489607.0
2.0000006770715117e-06,0510_f3\L1-TIME_ANGE_DIST_DATA\L1_cap_00310_20260510191959.h5,40798.77115424,40797.274126344,40795.77001358,40795.800699404004,40798.740166412,40816.77115424,40813.77001358,L1_cap_00310_20260510191959.h5,2230584,1.0,1488690.0,1.0,,310,266858580,OK,1488690.0
1.0,0510_f3\L1-TIME_ANGE_DIST_DATA\L1_cap_00311_20260510192002.h5,1489278.0,747289.0,1.0,15637.0,1473946.44,1489296.0,19.0,L1_cap_00311_20260510192002.h5,2242857,0.0009675159851921009,1489278.0,1.0,GNSS_SEC_CH1 appears to contain pulse index/count values,311,263005284,REPAIR_CANDIDATE,1489278.0
2.0000006770715117e-06,0510_f3\L1-TIME_ANGE_DIST_DATA\L1_cap_00312_20260510192005.h5,40804.774615552,40803.15940102,40801.773222904,40801.800685052,40804.745343776005,40822.774615552,40819.773222904,L1_cap_00312_20260510192005.h5,2080282,1.0,1379203.0,1.0,,312,250104772,OK,1379203.0
2.0000006770715117e-06,0510_f3\L1-TIME_ANGE_DIST_DATA\L1_cap_00313_20260510192008.h5,40807.77766222,40806.272545296,40804.774617552,40804.806239724,40807.751028276005,40825.77766222,40822.774617552,L1_cap_00313_20260510192008.h5,2230791,1.0,1489670.0,1.0,,313,266148956,OK,1489670.0
2.0000006770715117e-06,0510_f3\L1-TIME_ANGE_DIST_DATA\L1_cap_00314_20260510192011.h5,40810.779966884,40809.282566984,40807.77766422,40807.808856448,40810.74943072,40828.779966884,40825.77766422,L1_cap_00314_20260510192011.h5,2224604,1.0,1489278.0,1.0,,314,265257276,OK,1489278.0
2.0000006770715117e-06,0510_f3\L1-TIME_ANGE_DIST_DATA\L1_cap_00315_20260510192014.h5,40813.78092754,40812.279950624,40810.779968884,40810.810317928,40813.754152516005,40831.78092754,40828.779968884,L1_cap_00315_20260510192014.h5,2235845,1.0,1488690.0,1.0,,315,267117744,OK,1488690.0
2.0000006770715117e-06,0510_f3\L1-TIME_ANGE_DIST_DATA\L1_cap_00316_20260510192017.h5,40816.782308192,40815.2861003,40813.78092954,40813.811725524,40816.750988024,40834.782308192,40831.78092954,L1_cap_00316_20260510192017.h5,2237292,1.0,1488886.0,1.0,,316,268938856,OK,1488886.0
2.0000006770715117e-06,0510_f3\L1-TIME_ANGE_DIST_DATA\L1_cap_00317_20260510192020.h5,40820.28444438,40818.546836352,40816.782310192,40816.81751238,40820.250673896,40838.28444438,40834.782310192,L1_cap_00317_20260510192020.h5,2590216,1.0,1723449.0,1.0,,317,309824052,OK,1723449.0
2.0000006770715117e-06,0510_f3\L1-TIME_ANGE_DIST_DATA\L1_cap_00318_20260510192023.h5,40823.78645372,40822.064587616,40820.28444638,40820.37452054401,40823.750175844,40841.78645372,40838.28444638,L1_cap_00318_20260510192023.h5,2562985,1.0,1708644.0,1.0,,318,303378504,OK,1708644.0
2.0000006770715117e-06,0510_f3\L1-TIME_ANGE_DIST_DATA\L1_cap_00319_20260510192027.h5,40827.288631892,40825.535956796,40823.78645572,40823.819191536,40827.2535937,40845.288631892,40841.78645572,L1_cap_00319_20260510192027.h5,2610083,1.0,1737407.0,1.0,,319,309860276,OK,1737407.0
2.0000006770715117e-06,0510_f3\L1-TIME_ANGE_DIST_DATA\L1_cap_00320_20260510192030.h5,40830.790725248,40829.06359512,40827.288633888,40827.322792072,40830.756577064,40848.790725248,40845.288633888,L1_cap_00320_20260510192030.h5,2447797,1.0,1635480.0,1.0,,320,290887248,OK,1635480.0
2.0000006770715117e-06,0510_f3\L1-TIME_ANGE_DIST_DATA\L1_cap_00321_20260510192034.h5,40834.292455416,40832.540806336,40830.790727248,40830.825329836,40834.258534832,40852.292455416,40848.790727248,L1_cap_00321_20260510192034.h5,2605321,1.0,1737204.0,1.0,,321,311101092,OK,1737204.0
2.0000006770715117e-06,0510_f3\L1-TIME_ANGE_DIST_DATA\L1_cap_00322_20260510192037.h5,40837.294774084,40835.792379324,40834.292457416,40834.323537584,40837.2683012426,40855.294774084,40852.292457416,L1_cap_00322_20260510192037.h5,2234536,1.0,1489411.0,1.0,,322,267418552,OK,1489411.0
2.0000006770715117e-06,0510_f3\L1-TIME_ANGE_DIST_DATA\L1_cap_00323_20260510192040.h5,40840.798015424,40839.056899212,40837.294776084,40837.331908848,40840.763336676,40858.798015424,40855.294776084,L1_cap_00323_20260510192040.h5,2617329,1.0,1737995.0,1.0,,323,312157448,OK,1737995.0
2.0000006770715117e-06,0510_f3\L1-TIME_ANGE_DIST_DATA\L1_cap_00324_20260510192044.h5,40843.963490956,40842.3621915,40840.798017424,40840.828946328,40843.932512048,40861.963490956,40858.798017424,L1_cap_00324_20260510192044.h5,2282138,1.0,1493625.0,1.0,,324,268596996,OK,1493625.0
2.0000006770715117e-06,0510_f3\L1-TIME_ANGE_DIST_DATA\L1_cap_00325_20260510192047.h5,40846.965473604,40845.457466648,40843.963492956,40843.992321368,40846.9385672,40864.965473604,40861.963492956,L1_cap_00325_20260510192047.h5,2249914,1.0,1489299.0,1.0,,325,266964084,OK,1489299.0
2.0000006770715117e-06,0510_f3\L1-TIME_ANGE_DIST_DATA\L1_cap_00326_20260510192050.h5,40849.96716226,40848.446111224,40846.965475604,40846.995217764,40849.938601824,40867.96716226,40864.965475604,L1_cap_00326_20260510192050.h5,2126215,1.0,1480017.0,1.0,,326,245004684,OK,1480017.0
2.0000006770715117e-06,0510_f3\L1-TIME_ANGE_DIST_DATA\L1_cap_00327_20260510192053.h5,40852.968682948,40851.341757312,40849.96716426,40849.999019272,40852.939937949675,40870.968682948,40867.96716426,L1_cap_00327_20260510192053.h5,1921543,1.0,1379630.0,1.0,,327,219379676,OK,1379630.0
2.0000006770715117e-06,0510_f3\L1-TIME_ANGE_DIST_DATA\L1_cap_00328_20260510192056.h5,40855.972625536,40854.460261568,40852.968686948,40852.9914129722,40855.949641512,40873.972625536,40870.968686948,L1_cap_00328_20260510192056.h5,1949396,1.0,1467305.0,2.0,,328,221129624,OK,1467305.0
2.0000006770715117e-06,0510_f3\L1-TIME_ANGE_DIST_DATA\L1_cap_00329_20260510192059.h5,40859.473193684,40857.677075352,40855.972627536,40856.00536854,40859.441643512,40877.473193684,40873.972627536,L1_cap_00329_20260510192059.h5,2306506,1.0,1708070.0,1.0,,329,255094496,OK,1708070.0
1.0,0510_f3\L1-TIME_ANGE_DIST_DATA\L1_cap_00330_20260510192103.h5,1472772.0,737039.0,1.0,16730.44,1458827.56,1472790.0,19.0,L1_cap_00330_20260510192103.h5,1890345,0.0006411528054402767,1472772.0,1.0,GNSS_SEC_CH1 appears to contain pulse index/count values,330,197419044,REPAIR_CANDIDATE,1472772.0
2.0000006770715117e-06,0510_f3\L1-TIME_ANGE_DIST_DATA\L1_cap_00331_20260510192106.h5,40865.480686992,40863.983893288,40862.47687234,40862.501406472,40865.454738852,40883.480686992,40880.47687234,L1_cap_00331_20260510192106.h5,1880339,1.0,1465079.0,1.0,,331,200538620,OK,1465079.0
2.0000006770715117e-06,0510_f3\L1-TIME_ANGE_DIST_DATA\L1_cap_00332_20260510192109.h5,40868.480555604,40866.982553896,40865.480688992,40865.511183156,40868.453144276,40886.480555604,40883.480688992,L1_cap_00332_20260510192109.h5,1943060,1.0,1473787.0,1.0,,332,210567784,OK,1473787.0
2.0000006770715117e-06,0510_f3\L1-TIME_ANGE_DIST_DATA\L1_cap_00333_20260510192112.h5,40871.483390256,40870.00108544,40868.480557604,40868.513831784,40871.45389478,40889.483390256,40886.480557604,L1_cap_00333_20260510192112.h5,1924667,1.0,1476887.0,1.0,,333,210163104,OK,1476888.0
2.0000006770715117e-06,0510_f3\L1-TIME_ANGE_DIST_DATA\L1_cap_00334_20260510192115.h5,40874.485136868,40873.0090781,40871.483402256,40871.510557684,40874.458467444,40892.485136868,40889.483402256,L1_cap_00334_20260510192115.h5,1836065,1.0,1365903.0,5.0,,334,201875124,OK,1365903.0
2.0000006770715117e-06,0510_f3\L1-TIME_ANGE_DIST_DATA\L1_cap_00335_20260510192118.h5,40877.486657496,40875.967441672,40874.485138868,40874.521969068,40877.458534104,40895.486657496,40892.485138868,L1_cap_00335_20260510192118.h5,2060063,1.0,1467963.0,1.0,,335,227512272,OK,1467963.0
2.0000006770715117e-06,0510_f3\L1-TIME_ANGE_DIST_DATA\L1_cap_00336_20260510192121.h5,40880.48882214,40878.978882364,40877.486659496,40877.51694842,40880.451273176,40898.48882214,40895.486659496,L1_cap_00336_20260510192121.h5,1956939,1.0,1457400.0,1.0,,336,213406980,OK,1457400.0
2.0000006770715117e-06,0510_f3\L1-TIME_ANGE_DIST_DATA\L1_cap_00337_20260510192124.h5,40883.489796752,40882.004783928,40880.488824136,40880.513134228,40883.45403456,40901.489796752,40898.488824136,L1_cap_00337_20260510192124.h5,1942499,1.0,1472821.0,1.0,,337,212368456,OK,1472821.0
2.0000006770715117e-06,0510_f3\L1-TIME_ANGE_DIST_DATA\L1_cap_00338_20260510192127.h5,40886.491485364,40884.998079696,40883.489798752,40883.51352196,40886.45722918,40904.491485364,40901.489798752,L1_cap_00338_20260510192127.h5,1959455,1.0,1486380.0,1.0,,338,216403224,OK,1486380.0
2.0000006770715117e-06,0510_f3\L1-TIME_ANGE_DIST_DATA\L1_cap_00339_20260510192130.h5,40889.49212398,40887.99481728,40886.491487364,40886.516293996,40889.46170932001,40907.49212398,40904.491487364,L1_cap_00339_20260510192130.h5,2035326,1.0,1488585.0,1.0,,339,228399540,OK,1488585.0
2.0000006770715117e-06,0510_f3\L1-TIME_ANGE_DIST_DATA\L1_cap_00340_20260510192133.h5,40892.495646608,40891.00515376,40889.492125984,40889.520018132,40892.46806446,40910.495646608,40907.492125984,L1_cap_00340_20260510192133.h5,2085776,1.0,1490069.0,1.0,,340,236048504,OK,1490069.0
2.0000006770715117e-06,0510_f3\L1-TIME_ANGE_DIST_DATA\L1_cap_00341_20260510192136.h5,40895.496761224,40894.0112854,40892.495648608,40892.525822751995,40895.469569096,40913.496761224,40910.495648608,L1_cap_00341_20260510192136.h5,1965500,1.0,1386504.0,1.0,,341,223253328,OK,1386504.0
2.0000006770715117e-06,0510_f3\L1-TIME_ANGE_DIST_DATA\L1_cap_00342_20260510192139.h5,40898.49851984,40896.987642072,40895.496763224,40895.523632448,40898.466736588,40916.49851984,40913.496763224,L1_cap_00342_20260510192139.h5,2124555,1.0,1489278.0,1.0,,342,244573044,OK,1489278.0
2.0000006770715117e-06,0510_f3\L1-TIME_ANGE_DIST_DATA\L1_cap_00343_20260510192142.h5,40901.50027844,40899.99716072,40898.49852184,40898.525625264,40901.47128700544,40919.50027844,40916.49852184,L1_cap_00343_20260510192142.h5,2101565,1.0,1487696.0,1.0,,343,242758592,OK,1487696.0
2.0000006770715117e-06,0510_f3\L1-TIME_ANGE_DIST_DATA\L1_cap_00344_20260510192145.h5,40904.50076304,40903.00175016,40901.50028044,40901.530102604,40904.472921488,40922.50076304,40919.50028044,L1_cap_00344_20260510192145.h5,2096271,1.0,1486163.0,1.0,,344,242741552,OK,1486163.0
2.0000006770715117e-06,0510_f3\L1-TIME_ANGE_DIST_DATA\L1_cap_00345_20260510192148.h5,40907.501821644,40906.006654776,40904.50076504,40904.5305732,40907.471863564,40925.501821644,40922.50076504,L1_cap_00345_20260510192148.h5,2108697,1.0,1487059.0,1.0,,345,243540460,OK,1487059.0
2.0000006770715117e-06,0510_f3\L1-TIME_ANGE_DIST_DATA\L1_cap_00346_20260510192151.h5,40911.00405576,40909.250168684,40907.501823644,40907.537365836,40910.968756752,40929.00405576,40925.501823644,L1_cap_00346_20260510192151.h5,2459915,1.0,1735699.0,1.0,,346,281326444,OK,1735699.0
2.0000006770715117e-06,0510_f3\L1-TIME_ANGE_DIST_DATA\L1_cap_00347_20260510192154.h5,40914.006500372,40912.505270652,40911.00405776,40911.035125348,40913.97478594916,40932.006500372,40929.00405776,L1_cap_00347_20260510192154.h5,2133372,1.0,1488900.0,1.0,,347,239542836,OK,1488900.0
2.0000006770715117e-06,0510_f3\L1-TIME_ANGE_DIST_DATA\L1_cap_00348_20260510192157.h5,40917.007824972,40915.4214628,40914.006502372,40914.035138928004,40916.977931992,40935.007824972,40932.006502372,L1_cap_00348_20260510192157.h5,2025121,1.0,1409331.0,1.0,,348,225199536,OK,1409331.0
2.0000006770715117e-06,0510_f3\L1-TIME_ANGE_DIST_DATA\L1_cap_00349_20260510192200.h5,40920.00973758,40918.50528584,40917.007826972,40917.037649011996,40919.979228696,40938.00973758,40935.007826972,L1_cap_00349_20260510192200.h5,2130695,1.0,1489278.0,1.0,,349,237989904,OK,1489278.0
1.0,0510_f3\L1-TIME_ANGE_DIST_DATA\L1_cap_00350_20260510192203.h5,1489278.0,745484.0,1.0,13480.34,1474634.6600000001,1489296.0,19.0,L1_cap_00350_20260510192203.h5,2146335,0.0013408904015449591,1489278.0,1.0,GNSS_SEC_CH1 appears to contain pulse index/count values,350,235356492,REPAIR_CANDIDATE,1489278.0
2.0000006770715117e-06,0510_f3\L1-TIME_ANGE_DIST_DATA\L1_cap_00351_20260510192206.h5,40926.013688772,40924.509973044,40923.011498172,40923.039578324,40925.981599772,40944.013688772,40941.011498172,L1_cap_00351_20260510192206.h5,2147987,1.0,1489278.0,1.0,,351,233906460,OK,1489278.0
2.0000006770715117e-06,0510_f3\L1-TIME_ANGE_DIST_DATA\L1_cap_00352_20260510192209.h5,40929.016007376,40927.514943664,40926.013694772,40926.043271528,40928.983699772005,40947.016007376,40944.013694772,L1_cap_00352_20260510192209.h5,2148631,1.0,1489278.0,3.0,,352,232303272,OK,1489278.0
2.0000006770715117e-06,0510_f3\L1-TIME_ANGE_DIST_DATA\L1_cap_00353_20260510192212.h5,40932.018199972,40930.517699268,40929.016009376,40929.045598996,40931.988335524,40950.018199972,40947.016009376,L1_cap_00353_20260510192212.h5,2164974,1.0,1489278.0,1.0,,353,236548176,OK,1489278.0
2.0000006770715117e-06,0510_f3\L1-TIME_ANGE_DIST_DATA\L1_cap_00354_20260510192215.h5,40935.019076572,40933.520123856,40932.018201972,40932.04985814,40934.990415576,40953.019076572,40950.018201972,L1_cap_00354_20260510192215.h5,2152162,1.0,1488690.0,1.0,,354,241779432,OK,1488690.0
2.0000006770715117e-06,0510_f3\L1-TIME_ANGE_DIST_DATA\L1_cap_00355_20260510192218.h5,40937.999638188,40936.494001316,40935.019078572,40935.049144732,40937.967313296,40955.999638188,40953.019078572,L1_cap_00355_20260510192218.h5,2154137,1.0,1447523.0,1.0,,355,250247144,OK,1447523.0
2.0000006770715117e-06,0510_f3\L1-TIME_ANGE_DIST_DATA\L1_cap_00356_20260510192221.h5,40941.023209744,40939.54466614,40937.999640188,40938.03799124,40940.99227678,40959.023209744,40955.999640188,L1_cap_00356_20260510192221.h5,2193899,1.0,1466605.0,1.0,,356,260837680,OK,1466605.0
2.0000006770715117e-06,0510_f3\L1-TIME_ANGE_DIST_DATA\L1_cap_00357_20260510192224.h5,40944.024842336,40942.5197516,40941.023211744,40941.050698312,40943.997472920004,40962.024842336,40959.023211744,L1_cap_00357_20260510192224.h5,2220822,1.0,1489348.0,1.0,,357,264641224,OK,1489348.0
2.0000006770715117e-06,0510_f3\L1-TIME_ANGE_DIST_DATA\L1_cap_00358_20260510192227.h5,40947.026250916,40945.517834168,40944.024844336,40944.056116044,40946.994712376,40965.026250916,40962.024844336,L1_cap_00358_20260510192227.h5,2196278,1.0,1489208.0,1.0,,358,259305704,OK,1489208.0
2.0000006770715117e-06,0510_f3\L1-TIME_ANGE_DIST_DATA\L1_cap_00359_20260510192230.h5,40950.027883496,40948.533873816,40947.026252912,40947.051975732,40949.994394484,40968.027883496,40965.026252912,L1_cap_00359_20260510192230.h5,2156735,1.0,1489278.0,1.0,,359,235998924,OK,1489278.0
2.0000006770715117e-06,0510_f3\L1-TIME_ANGE_DIST_DATA\L1_cap_00360_20260510192233.h5,40953.030538088,40951.518694312,40950.027885496,40950.05882202,40953.000101564,40971.030538088,40968.027885496,L1_cap_00360_20260510192233.h5,2141819,1.0,1489866.0,1.0,,360,234083844,OK,1489866.0
2.0000006770715117e-06,0510_f3\L1-TIME_ANGE_DIST_DATA\L1_cap_00361_20260510192236.h5,40956.031274668,40954.534416992,40953.030540088,40953.05796687328,40955.99997968,40974.031274668,40971.030540088,L1_cap_00361_20260510192236.h5,2140133,1.0,1488816.0,1.0,,361,233935140,OK,1488816.0
2.0000006770715117e-06,0510_f3\L1-TIME_ANGE_DIST_DATA\L1_cap_00362_20260510192239.h5,40959.03278124,40957.517895472,40956.031276668,40956.061313228005,40959.002461076,40977.03278124,40974.031276668,L1_cap_00362_20260510192239.h5,2104121,1.0,1489110.0,1.0,,362,228088152,OK,1489110.0
2.0000006770715117e-06,0510_f3\L1-TIME_ANGE_DIST_DATA\L1_cap_00363_20260510192242.h5,40962.035407836,40960.425081532,40959.03278324,40959.057595972,40962.002643058804,40980.035407836,40977.03278324,L1_cap_00363_20260510192242.h5,1948431,1.0,1396983.0,1.0,,363,211634916,OK,1396983.0
2.0000006770715117e-06,0510_f3\L1-TIME_ANGE_DIST_DATA\L1_cap_00364_20260510192245.h5,40965.537053084,40963.774267988,40962.035409832,40962.068768012,40965.499470884,40983.537053084,40980.035409832,L1_cap_00364_20260510192245.h5,2392961,1.0,1737008.0,1.0,,364,265163204,OK,1737008.0
2.0000006770715117e-06,0510_f3\L1-TIME_ANGE_DIST_DATA\L1_cap_00365_20260510192249.h5,40968.538587668,40967.039356804,40965.537055084,40965.566255720005,40968.50681102,40986.538587668,40983.537055084,L1_cap_00365_20260510192249.h5,2035425,1.0,1488760.0,1.0,,365,228706264,OK,1488760.0
2.0000006770715117e-06,0510_f3\L1-TIME_ANGE_DIST_DATA\L1_cap_00366_20260510192252.h5,40971.540514244,40970.038224372,40968.538589668,40968.565721296,40971.505634315996,40989.540514244,40986.538589668,L1_cap_00366_20260510192252.h5,2048488,1.0,1488816.0,1.0,,366,234036048,OK,1488816.0
2.0000006770715117e-06,0510_f3\L1-TIME_ANGE_DIST_DATA\L1_cap_00367_20260510192255.h5,40974.542356848,40973.03959394,40971.540516244,40971.568812392,40974.51305100864,40992.542356848,40989.540516244,L1_cap_00367_20260510192255.h5,2051485,1.0,1488501.0,1.0,,367,234593256,OK,1488501.0
2.0000006770715117e-06,0510_f3\L1-TIME_ANGE_DIST_DATA\L1_cap_00368_20260510192258.h5,40977.544241388,40976.04717554,40974.542358848,40974.5745758,40977.512237216,40995.544241388,40992.542358848,L1_cap_00368_20260510192258.h5,2053940,1.0,1488557.0,1.0,,368,233497472,OK,1488557.0
1.0,0510_f3\L1-TIME_ANGE_DIST_DATA\L1_cap_00369_20260510192301.h5,1487444.0,743530.0,1.0,12606.340000000004,1471617.33,1487462.0,19.0,L1_cap_00369_20260510192301.h5,2083068,0.0015275545493474048,1487444.0,1.0,GNSS_SEC_CH1 appears to contain pulse index/count values,369,230630996,REPAIR_CANDIDATE,1487444.0
1.0,0510_f3\L1-TIME_ANGE_DIST_DATA\L1_cap_00370_20260510192304.h5,1386560.0,692961.0,1.0,14916.240000000002,1373939.76,1386578.0,19.0,L1_cap_00370_20260510192304.h5,1953725,0.0004668005988560314,1386560.0,1.0,GNSS_SEC_CH1 appears to contain pulse index/count values,370,216988784,REPAIR_CANDIDATE,1386560.0
2.0000006770715117e-06,0510_f3\L1-TIME_ANGE_DIST_DATA\L1_cap_00371_20260510192307.h5,40986.548033092,40985.023270092,40983.547074532,40983.574104676,40986.511682596,41004.548033092,41001.547074532,L1_cap_00371_20260510192307.h5,1949716,1.0,1480752.0,1.0,,371,215393196,OK,1480752.0
2.0000006770715117e-06,0510_f3\L1-TIME_ANGE_DIST_DATA\L1_cap_00372_20260510192310.h5,40989.549651648,40988.064937866,40986.548035092,40986.57579324,40989.515559464,41007.549651648,41004.548035092,L1_cap_00372_20260510192310.h5,1925080,1.0,1477287.0,1.0,,372,215022000,OK,1477287.0
2.0000006770715117e-06,0510_f3\L1-TIME_ANGE_DIST_DATA\L1_cap_00373_20260510192313.h5,40992.5514242,40991.067287432,40989.549653648,40989.57841858,40992.523479272,41010.5514242,41007.549653648,L1_cap_00373_20260510192313.h5,1994340,1.0,1481256.0,1.0,,373,221357604,OK,1481256.0
2.0000006770715117e-06,0510_f3\L1-TIME_ANGE_DIST_DATA\L1_cap_00374_20260510192316.h5,40996.05269226,40994.380851648,40992.5514262,40992.590241888,40996.02222461896,41014.05269226,41010.5514262,L1_cap_00374_20260510192316.h5,2349975,1.0,1730883.0,1.0,,374,261194460,OK,1730883.0
2.0000006770715117e-06,0510_f3\L1-TIME_ANGE_DIST_DATA\L1_cap_00375_20260510192319.h5,40999.054870816,40997.541750056,40996.05269426,40996.08282842,40999.020296632,41017.054870816,41014.05269426,L1_cap_00375_20260510192319.h5,2215424,1.0,1489866.0,1.0,,375,254044980,OK,1489866.0
2.0000006770715117e-06,0510_f3\L1-TIME_ANGE_DIST_DATA\L1_cap_00376_20260510192322.h5,41002.057217372,41000.517885468,40999.054872816,40999.081455076004,41002.02839122,41020.057217372,41017.054872816,L1_cap_00376_20260510192322.h5,2086607,1.0,1489852.0,1.0,,376,232877992,OK,1489852.0
2.0000006770715117e-06,0510_f3\L1-TIME_ANGE_DIST_DATA\L1_cap_00377_20260510192325.h5,41005.058541912,41003.47287178,41002.057219372,41002.08513152,41005.033946504,41023.058541912,41020.057219372,L1_cap_00377_20260510192325.h5,1872865,1.0,1381016.0,1.0,,377,206849048,OK,1381016.0
2.0000006770715117e-06,0510_f3\L1-TIME_ANGE_DIST_DATA\L1_cap_00378_20260510192328.h5,41008.060538464,41006.535479636,41005.058543912,41005.087873211996,41008.032047172004,41026.060538464,41023.058543912,L1_cap_00378_20260510192328.h5,2089658,1.0,1489824.0,1.0,,378,233660100,OK,1489824.0
2.0000006770715117e-06,0510_f3\L1-TIME_ANGE_DIST_DATA\L1_cap_00379_20260510192331.h5,41011.063388184,41009.56713836,41008.060540464,41008.08921062,41011.037370064005,41029.063388184,41026.060540464,L1_cap_00379_20260510192331.h5,2272000,1.0,1490188.0,1.0,,379,266166052,OK,1490188.0
2.0000006770715117e-06,0510_f3\L1-TIME_ANGE_DIST_DATA\L1_cap_00380_20260510192334.h5,41014.064713556,41012.5675479,41011.000000416,41011.03114716,41014.033254808,41032.064713556,41029.000000416,L1_cap_00380_20260510192334.h5,2229030,1.0,1489544.0,1.0,,380,258850820,OK,1489544.0
2.0000006770715117e-06,0510_f3\L1-TIME_ANGE_DIST_DATA\L1_cap_00381_20260510192337.h5,41017.065702092,41015.569565424,41014.064715556,41014.098541276,41017.033798384,41035.065702092,41032.064715556,L1_cap_00381_20260510192337.h5,2256978,1.0,1489341.0,1.0,,381,264413004,OK,1489341.0
2.0000006770715117e-06,0510_f3\L1-TIME_ANGE_DIST_DATA\L1_cap_00382_20260510192340.h5,41020.066942624,41018.553795882,41017.065704092,41017.09706148,41020.03668846,41038.066942624,41035.065704092,L1_cap_00382_20260510192340.h5,2232362,1.0,1489404.0,1.0,,382,262685940,OK,1489404.0
2.0000006770715117e-06,0510_f3\L1-TIME_ANGE_DIST_DATA\L1_cap_00383_20260510192343.h5,41023.068071164,41021.560707436,41020.06694462,41020.097570788,41023.03945976952,41041.068071164,41038.06694462,L1_cap_00383_20260510192343.h5,2210563,1.0,1489481.0,1.0,,383,261228548,OK,1489481.0
2.0000006770715117e-06,0510_f3\L1-TIME_ANGE_DIST_DATA\L1_cap_00384_20260510192346.h5,41026.070067692,41024.510573696,41023.068073164,41023.097867000004,41026.043565871994,41044.070067692,41041.068073164,L1_cap_00384_20260510192346.h5,2122085,1.0,1430065.0,1.0,,384,252700528,OK,1430065.0
2.0000006770715117e-06,0510_f3\L1-TIME_ANGE_DIST_DATA\L1_cap_00385_20260510192349.h5,41029.07209222,41027.573667552,41026.070069692,41026.101195856,41029.044730072,41047.07209222,41044.070069692,L1_cap_00385_20260510192349.h5,2213182,1.0,1489866.0,1.0,,385,263334204,OK,1489866.0
2.0000006770715117e-06,0510_f3\L1-TIME_ANGE_DIST_DATA\L1_cap_00386_20260510192352.h5,41032.073584756,41030.57379408,41029.07209422,41029.101990719995,41032.041938248,41050.073584756,41047.07209422,L1_cap_00386_20260510192352.h5,2219418,1.0,1489537.0,1.0,,386,260698540,OK,1489537.0
2.0000006770715117e-06,0510_f3\L1-TIME_ANGE_DIST_DATA\L1_cap_00387_20260510192355.h5,41035.075637276,41033.574852696,41032.073586756,41032.100222356,41035.048535672,41053.075637276,41050.073586756,L1_cap_00387_20260510192355.h5,2213374,1.0,1489824.0,1.0,,387,261430248,OK,1489824.0
2.0000006770715117e-06,0510_f3\L1-TIME_ANGE_DIST_DATA\L1_cap_00388_20260510192358.h5,41038.0772838,41036.590276168,41035.075639276,41035.10676026164,41038.046410816,41056.0772838,41053.075639276,L1_cap_00388_20260510192358.h5,2195442,1.0,1476146.0,1.0,,388,261253868,OK,1476146.0
1.0,0510_f3\L1-TIME_ANGE_DIST_DATA\L1_cap_00389_20260510192401.h5,1490188.0,745142.0,1.0,13810.0,1475385.94,1490206.0,19.0,L1_cap_00389_20260510192401.h5,2210607,0.001039985850040283,1490188.0,1.0,GNSS_SEC_CH1 appears to contain pulse index/count values,389,259337464,REPAIR_CANDIDATE,1490188.0
1.0,0510_f3\L1-TIME_ANGE_DIST_DATA\L1_cap_00390_20260510192404.h5,1489544.0,744329.5,1.0,15346.170000000002,1474840.83,1489562.0,19.0,L1_cap_00390_20260510192404.h5,2215318,0.0012779203708000386,1489544.0,1.0,GNSS_SEC_CH1 appears to contain pulse index/count values,390,257991800,REPAIR_CANDIDATE,1489544.0
2.0000006770715117e-06,0510_f3\L1-TIME_ANGE_DIST_DATA\L1_cap_00391_20260510192407.h5,41047.08265736,41045.582578684,41044.081614844,41044.112574108,41047.051456096,41065.08265736,41062.081614844,L1_cap_00391_20260510192407.h5,2218756,1.0,1489341.0,1.0,,391,260256768,OK,1489341.0
2.0000006770715117e-06,0510_f3\L1-TIME_ANGE_DIST_DATA\L1_cap_00392_20260510192410.h5,41050.084793892,41048.695104792,41047.08265936,41047.10853078,41050.05678446,41068.084793892,41065.08265936,L1_cap_00392_20260510192410.h5,2048765,1.0,1378356.0,1.0,,392,240685848,OK,1378356.0
2.0000006770715117e-06,0510_f3\L1-TIME_ANGE_DIST_DATA\L1_cap_00393_20260510192413.h5,41053.086958396,41051.587768744,41050.084809892,41050.114182492,41053.055833792,41071.086958396,41068.084809892,L1_cap_00393_20260510192413.h5,2216323,1.0,1489929.0,1.0,,393,259788780,OK,1489929.0
2.0000006770715117e-06,0510_f3\L1-TIME_ANGE_DIST_DATA\L1_cap_00394_20260510192416.h5,41056.089612912,41054.590767256,41053.086960396,41053.118442564,41056.058071704,41074.089612912,41071.086960396,L1_cap_00394_20260510192416.h5,2216753,1.0,1490188.0,1.0,,394,260011384,OK,1490188.0
2.0000006770715117e-06,0510_f3\L1-TIME_ANGE_DIST_DATA\L1_cap_00395_20260510192419.h5,41059.091147432,41057.589088756,41056.089614912,41056.119603072,41059.059575844,41077.091147432,41074.089614912,L1_cap_00395_20260510192419.h5,2217872,1.0,1489607.0,1.0,,395,262509788,OK,1489607.0
2.0000006770715117e-06,0510_f3\L1-TIME_ANGE_DIST_DATA\L1_cap_00396_20260510192422.h5,41062.092975944,41060.590365252,41059.091149432,41059.121112012,41062.063939372005,41080.092975944,41077.091149432,L1_cap_00396_20260510192422.h5,2213422,1.0,1489677.0,1.0,,396,261520560,OK,1489677.0
2.0000006770715117e-06,0510_f3\L1-TIME_ANGE_DIST_DATA\L1_cap_00397_20260510192425.h5,41065.095448452,41063.597104808,41062.092977944,41062.124188112,41065.064108288,41083.095448452,41080.092977944,L1_cap_00397_20260510192425.h5,2212899,1.0,1490048.0,1.0,,397,261236108,OK,1490048.0
2.0000006770715117e-06,0510_f3\L1-TIME_ANGE_DIST_DATA\L1_cap_00398_20260510192428.h5,41068.096338956,41066.5977203,41065.095450456,41065.126873844005,41068.065307572,41086.096338956,41083.095450456,L1_cap_00398_20260510192428.h5,2213162,1.0,1489348.0,1.0,,398,262198696,OK,1489348.0
2.0000006770715117e-06,0510_f3\L1-TIME_ANGE_DIST_DATA\L1_cap_00399_20260510192431.h5,41071.579658032,41069.7663847,41068.096340956,41068.128981128,41071.537946132,41089.579658032,41086.096340956,L1_cap_00399_20260510192431.h5,2463985,1.0,1659861.0,1.0,,399,293048364,OK,1659861.0
2.0000006770715117e-06,0510_f3\L1-TIME_ANGE_DIST_DATA\L1_cap_00400_20260510192435.h5,41074.601240636,41073.099947796,41071.579660036,41071.61476222,41074.570626472,41092.601240636,41089.579660036,L1_cap_00400_20260510192435.h5,2233831,1.0,1496915.0,1.0,,400,264836612,OK,1496915.0
2.0000006770715117e-06,0510_f3\L1-TIME_ANGE_DIST_DATA\L1_cap_00401_20260510192438.h5,41077.60361514,41076.101702304,41074.601242632,41074.630547428,41077.572784336,41095.60361514,41092.601242632,L1_cap_00401_20260510192438.h5,2255033,1.0,1490062.0,1.0,,401,264419080,OK,1490062.0
2.0000006770715117e-06,0510_f3\L1-TIME_ANGE_DIST_DATA\L1_cap_00402_20260510192441.h5,41080.605373636,41079.118628876,41077.60361714,41077.631275848,41080.582507512,41098.605373636,41095.60361714,L1_cap_00402_20260510192441.h5,1954529,1.0,1474991.0,1.0,,402,215802596,OK,1474991.0
2.0000006770715117e-06,0510_f3\L1-TIME_ANGE_DIST_DATA\L1_cap_00403_20260510192444.h5,41083.606642136,41082.129474424,41080.605375636,41080.638635812,41083.578579984,41101.606642136,41098.605375636,L1_cap_00403_20260510192444.h5,1937798,1.0,1481130.0,1.0,,403,213835692,OK,1481130.0
2.0000006770715117e-06,0510_f3\L1-TIME_ANGE_DIST_DATA\L1_cap_00404_20260510192447.h5,41086.607736604,41085.114899828,41083.606644136,41083.6343244,41086.580266339995,41104.607736604,41101.606644136,L1_cap_00404_20260510192447.h5,1912607,1.0,1475555.0,1.0,,404,210728036,OK,1475558.0
2.0000006770715117e-06,0510_f3\L1-TIME_ANGE_DIST_DATA\L1_cap_00405_20260510192450.h5,41089.609543108,41088.14802248,41086.607748604,41086.642973472,41089.57181022799,41107.609543108,41104.607748604,L1_cap_00405_20260510192450.h5,1982235,1.0,1479002.0,3.0,,405,220992812,OK,1479002.0
2.0000006770715117e-06,0510_f3\L1-TIME_ANGE_DIST_DATA\L1_cap_00406_20260510192453.h5,41092.612335604,41091.139036916,41089.609545108,41089.63415324,41092.587608072,41110.612335604,41107.609545108,L1_cap_00406_20260510192453.h5,1996471,1.0,1478126.0,1.0,,406,224547540,OK,1478127.0
2.0000006770715117e-06,0510_f3\L1-TIME_ANGE_DIST_DATA\L1_cap_00407_20260510192456.h5,41095.61353608,41094.1999197,41092.612343604,41092.646723784,41095.5834224,41113.61353608,41110.612343604,L1_cap_00407_20260510192456.h5,2097577,1.0,1417416.0,3.0,,407,246550680,OK,1417416.0
2.0000006770715117e-06,0510_f3\L1-TIME_ANGE_DIST_DATA\L1_cap_00408_20260510192459.h5,41098.6063345,41097.105709684,41095.61353808,41095.642738516,41098.574558328,41116.6063345,41113.61353808,L1_cap_00408_20260510192459.h5,2231815,1.0,1484952.0,1.0,,408,262997676,OK,1484952.0
1.0,0510_f3\L1-TIME_ANGE_DIST_DATA\L1_cap_00409_20260510192502.h5,1493779.0,745491.5,1.0,13884.189999999999,1478309.81,1493797.0,19.0,L1_cap_00409_20260510192502.h5,2217920,0.00146308252777377,1493779.0,1.0,GNSS_SEC_CH1 appears to contain pulse index/count values,409,258988192,REPAIR_CANDIDATE,1493779.0
2.0000006770715117e-06,0510_f3\L1-TIME_ANGE_DIST_DATA\L1_cap_00410_20260510192505.h5,41104.617985504,41103.116364676,41101.615935024,41101.64526336,41104.589999176,41122.617985504,41119.615935024,L1_cap_00410_20260510192505.h5,2207610,1.0,1489985.0,1.0,,410,261811748,OK,1489985.0
2.0000006770715117e-06,0510_f3\L1-TIME_ANGE_DIST_DATA\L1_cap_00411_20260510192508.h5,41107.619309972,41106.118480156,41104.617987504,41104.648976928,41107.588561808,41125.619309972,41122.617987504,L1_cap_00411_20260510192508.h5,2198864,1.0,1489635.0,1.0,,411,260695272,OK,1489635.0
2.0000006770715117e-06,0510_f3\L1-TIME_ANGE_DIST_DATA\L1_cap_00412_20260510192511.h5,41110.54705978,41109.12283964,41107.619311972,41107.649795831996,41110.515941912,41128.54705978,41125.619311972,L1_cap_00412_20260510192511.h5,2201186,1.0,1489733.0,1.0,,412,261654320,OK,1489733.0
2.0000006770715117e-06,0510_f3\L1-TIME_ANGE_DIST_DATA\L1_cap_00413_20260510192514.h5,41113.622700908,41112.123660112,41110.54706178,41110.578083944,41113.591878424646,41131.622700908,41128.54706178,L1_cap_00413_20260510192514.h5,2201217,1.0,1489999.0,1.0,,413,261044800,OK,1489999.0
2.0000006770715117e-06,0510_f3\L1-TIME_ANGE_DIST_DATA\L1_cap_00414_20260510192517.h5,41116.62454338,41115.204521988,41113.622702912,41113.651786204,41116.597947236,41134.62454338,41131.622702912,L1_cap_00414_20260510192517.h5,2089158,1.0,1412523.0,1.0,,414,247207584,OK,1412523.0
2.0000006770715117e-06,0510_f3\L1-TIME_ANGE_DIST_DATA\L1_cap_00415_20260510192520.h5,41119.62638584,41118.127057028,41116.62454538,41116.655354824,41119.595292396,41137.62638584,41134.62454538,L1_cap_00415_20260510192520.h5,2212365,1.0,1489866.0,1.0,,415,260517744,OK,1489866.0
2.0000006770715117e-06,0510_f3\L1-TIME_ANGE_DIST_DATA\L1_cap_00416_20260510192523.h5,41122.629600316,41121.12507148,41119.62638784,41119.657848928,41122.603017256,41140.629600316,41137.62638784,L1_cap_00416_20260510192523.h5,2211147,1.0,1490517.0,1.0,,416,260708052,OK,1490517.0
2.0000006770715117e-06,0510_f3\L1-TIME_ANGE_DIST_DATA\L1_cap_00417_20260510192526.h5,41125.63204476,41124.130171952,41122.629602316,41122.66057048,41125.60149324,41143.63204476,41140.629602316,L1_cap_00417_20260510192526.h5,2202669,1.0,1490125.0,1.0,,417,261061900,OK,1490125.0
2.0000006770715117e-06,0510_f3\L1-TIME_ANGE_DIST_DATA\L1_cap_00418_20260510192529.h5,41128.63472722,41127.132957412,41125.63204676,41125.66212092,41128.603591056,41146.63472722,41143.63204676,L1_cap_00418_20260510192529.h5,2206578,1.0,1490321.0,1.0,,418,260002688,OK,1490321.0
2.0000006770715117e-06,0510_f3\L1-TIME_ANGE_DIST_DATA\L1_cap_00419_20260510192532.h5,41131.635519672,41130.13335386,41128.63472922,41128.666001388,41131.608137528,41149.635519672,41146.63472922,L1_cap_00419_20260510192532.h5,2203874,1.0,1489278.0,1.0,,419,256120548,OK,1489278.0
2.0000006770715117e-06,0510_f3\L1-TIME_ANGE_DIST_DATA\L1_cap_00420_20260510192535.h5,41134.637348124,41133.134664304,41131.635521672,41131.666577836,41134.605814856,41152.637348124,41149.635521672,L1_cap_00420_20260510192535.h5,2196156,1.0,1489866.0,1.0,,420,251669700,OK,1489866.0
2.0000006770715117e-06,0510_f3\L1-TIME_ANGE_DIST_DATA\L1_cap_00421_20260510192538.h5,41137.640590572,41136.1415498,41134.637350124,41134.669124292,41137.611757976,41155.640590572,41152.637350124,L1_cap_00421_20260510192538.h5,2208923,1.0,1490517.0,1.0,,421,256181376,OK,1490517.0
2.0000006770715117e-06,0510_f3\L1-TIME_ANGE_DIST_DATA\L1_cap_00422_20260510192541.h5,41140.64353904,41139.138600208,41137.640592572,41137.671404736,41140.611978872,41158.64353904,41155.640592572,L1_cap_00422_20260510192541.h5,2192851,1.0,1490517.0,1.0,,422,246092412,OK,1490517.0
2.0000006770715117e-06,0510_f3\L1-TIME_ANGE_DIST_DATA\L1_cap_00423_20260510192544.h5,41144.14620698,41142.389120968,41140.64354104,41140.677824164,41144.110275848,41162.14620698,41158.64354104,L1_cap_00423_20260510192544.h5,2553548,1.0,1738317.0,1.0,,423,285835380,OK,1738317.0
2.0000006770715117e-06,0510_f3\L1-TIME_ANGE_DIST_DATA\L1_cap_00424_20260510192547.h5,41147.14624342,41145.60110156,41144.14620898,41144.171373092,41147.11664128,41165.14624342,41162.14620898,L1_cap_00424_20260510192547.h5,2053700,1.0,1479961.0,1.0,,424,223000636,OK,1479961.0
2.0000006770715117e-06,0510_f3\L1-TIME_ANGE_DIST_DATA\L1_cap_00425_20260510192550.h5,41150.149051868,41148.637660168,41147.14624542,41147.179549596,41150.12462538,41168.149051868,41165.14624542,L1_cap_00425_20260510192550.h5,2069619,1.0,1481361.0,1.0,,425,222281280,OK,1481361.0
2.0000006770715117e-06,0510_f3\L1-TIME_ANGE_DIST_DATA\L1_cap_00426_20260510192553.h5,41153.151216284,41151.638036556,41150.149053868,41150.181379324,41153.119158116,41171.151216284,41168.149053868,L1_cap_00426_20260510192553.h5,2286665,1.0,1490013.0,1.0,,426,255477216,OK,1490013.0
2.0000006770715117e-06,0510_f3\L1-TIME_ANGE_DIST_DATA\L1_cap_00427_20260510192556.h5,41156.15311474,41154.730279496,41153.151218284,41153.17680054,41156.12509446424,41174.15311474,41171.151218284,L1_cap_00427_20260510192556.h5,2081407,1.0,1404830.0,1.0,,427,236680268,OK,1404830.0
2.0000006770715117e-06,0510_f3\L1-TIME_ANGE_DIST_DATA\L1_cap_00428_20260510192559.h5,41159.155363152,41157.671312644,41156.15311674,41156.18527705972,41159.124252848,41177.155363152,41174.15311674,L1_cap_00428_20260510192559.h5,2228808,1.0,1490118.0,1.0,,428,238726872,OK,1490118.0
1.0,0510_f3\L1-TIME_ANGE_DIST_DATA\L1_cap_00429_20260510192602.h5,1477080.0,674314.0,1.0,12266.0,1462529.0,1477098.0,19.0,L1_cap_00429_20260510192602.h5,2035153,0.00169913515101813,1477080.0,1.0,less than 95% lidar_time_sec within POS range,429,212892460,BAD_TIME,1477084.0
2.0000006770715117e-06,0510_f3\L1-TIME_ANGE_DIST_DATA\L1_cap_00430_20260510192605.h5,41165.158726008,41163.710379664,41162.156905572,41162.194087788004,41165.13100984,41183.158726008,41180.156905572,L1_cap_00430_20260510192605.h5,1898502,1.0,1469328.0,4.0,,430,196851492,OK,1469328.0
2.0000006770715117e-06,0510_f3\L1-TIME_ANGE_DIST_DATA\L1_cap_00431_20260510192608.h5,41168.159784436,41166.654416764,41165.158728008,41165.190119452,41168.128626988,41186.159784436,41183.158728008,L1_cap_00431_20260510192608.h5,2268465,1.0,1488746.0,1.0,,431,251423456,OK,1488746.0
2.0000006770715117e-06,0510_f3\L1-TIME_ANGE_DIST_DATA\L1_cap_00432_20260510192611.h5,41171.162004844,41169.66266222,41168.159786436,41168.18679368,41171.133593592,41189.162004844,41186.159786436,L1_cap_00432_20260510192611.h5,2214856,1.0,1490139.0,1.0,,432,245605080,OK,1490139.0
2.0000006770715117e-06,0510_f3\L1-TIME_ANGE_DIST_DATA\L1_cap_00433_20260510192614.h5,41174.164771268,41172.65663558,41171.162006844,41171.189338988,41174.133514024,41192.164771268,41189.162006844,L1_cap_00433_20260510192614.h5,2242655,1.0,1490447.0,1.0,,433,248428508,OK,1490447.0
2.0000006770715117e-06,0510_f3\L1-TIME_ANGE_DIST_DATA\L1_cap_00434_20260510192617.h5,41177.166459684,41175.626145832,41174.164773268,41174.19348594,41177.13584700296,41195.166459684,41192.164773268,L1_cap_00434_20260510192617.h5,2203227,1.0,1449700.0,1.0,,434,236566180,OK,1449700.0
2.0000006770715117e-06,0510_f3\L1-TIME_ANGE_DIST_DATA\L1_cap_00435_20260510192620.h5,41180.168204096,41178.662436488,41177.166461684,41177.196793844,41180.135571924,41198.168204096,41195.166461684,L1_cap_00435_20260510192620.h5,2299145,1.0,1489866.0,1.0,,435,252868788,OK,1489866.0
2.0000006770715117e-06,0510_f3\L1-TIME_ANGE_DIST_DATA\L1_cap_00436_20260510192623.h5,41183.169542512,41181.665350852,41180.168206096,41180.196154244,41183.136456916,41201.169542512,41198.168206096,L1_cap_00436_20260510192623.h5,2293372,1.0,1489537.0,1.0,,436,253552468,OK,1489537.0
2.0000006770715117e-06,0510_f3\L1-TIME_ANGE_DIST_DATA\L1_cap_00437_20260510192626.h5,41186.17135692,41184.65854724,41183.169544512,41183.196092172,41186.139731232004,41204.17135692,41201.169544512,L1_cap_00437_20260510192626.h5,2189577,1.0,1489866.0,1.0,,437,250184016,OK,1489866.0
2.0000006770715117e-06,0510_f3\L1-TIME_ANGE_DIST_DATA\L1_cap_00438_20260510192629.h5,41189.173087332,41187.600011036,41186.17135892,41186.199035068,41189.142214888,41207.173087332,41204.17135892,L1_cap_00438_20260510192629.h5,2177315,1.0,1489859.0,1.0,,438,245533628,OK,1489859.0
2.0000006770715117e-06,0510_f3\L1-TIME_ANGE_DIST_DATA\L1_cap_00439_20260510192632.h5,41192.174383764,41190.675847132,41189.173089332,41189.20478568,41192.14344542,41210.174383764,41207.173089332,L1_cap_00439_20260510192632.h5,2177910,1.0,1489740.0,1.0,,439,244998468,OK,1489740.0
2.0000006770715117e-06,0510_f3\L1-TIME_ANGE_DIST_DATA\L1_cap_00440_20260510192635.h5,41195.103281492,41193.679986588,41192.174385764,41192.204868668,41195.073743332,41213.103281492,41210.174385764,L1_cap_00440_20260510192635.h5,2187338,1.0,1490384.0,1.0,,440,248005040,OK,1490384.0
2.0000006770715117e-06,0510_f3\L1-TIME_ANGE_DIST_DATA\L1_cap_00441_20260510192638.h5,41198.177746544,41196.673683952,41195.103283492,41195.13388031732,41198.146671724,41216.177746544,41213.103283492,L1_cap_00441_20260510192638.h5,2184034,1.0,1489411.0,1.0,,441,248664712,OK,1489411.0
2.0000006770715117e-06,0510_f3\L1-TIME_ANGE_DIST_DATA\L1_cap_00442_20260510192641.h5,41201.179420944,41199.762788768,41198.177748544,41198.206360696,41201.149498164,41219.179420944,41216.177748544,L1_cap_00442_20260510192641.h5,2069732,1.0,1408092.0,1.0,,442,235676736,OK,1408092.0
2.0000006770715117e-06,0510_f3\L1-TIME_ANGE_DIST_DATA\L1_cap_00443_20260510192644.h5,41204.180983336,41202.67888772,41201.179422944,41201.210615828,41204.152815188,41222.180983336,41219.179422944,L1_cap_00443_20260510192644.h5,2194737,1.0,1489859.0,1.0,,443,255153548,OK,1489859.0
2.0000006770715117e-06,0510_f3\L1-TIME_ANGE_DIST_DATA\L1_cap_00444_20260510192647.h5,41207.181677724,41205.679301106,41204.180985336,41204.212363803395,41207.1501812594,41225.181677724,41222.180985336,L1_cap_00444_20260510192647.h5,2184916,1.0,1489348.0,1.0,,444,260124988,OK,1489348.0
2.0000006770715117e-06,0510_f3\L1-TIME_ANGE_DIST_DATA\L1_cap_00445_20260510192650.h5,41210.184570128,41208.684590508,41207.181679724,41207.209313872,41210.153384044,41228.184570128,41225.181679724,L1_cap_00445_20260510192650.h5,2200297,1.0,1490517.0,1.0,,445,267216096,OK,1490517.0
2.0000006770715117e-06,0510_f3\L1-TIME_ANGE_DIST_DATA\L1_cap_00446_20260510192653.h5,41213.187084508,41211.686176892,41210.184572128,41210.21314272,41213.1553379,41231.187084508,41228.184572128,L1_cap_00446_20260510192653.h5,2207123,1.0,1490454.0,1.0,,446,270418656,OK,1490454.0
2.0000006770715117e-06,0510_f3\L1-TIME_ANGE_DIST_DATA\L1_cap_00447_20260510192656.h5,41216.1895709,41214.691940304,41213.187086508,41213.213921712,41216.159609684,41234.1895709,41231.187086508,L1_cap_00447_20260510192656.h5,2214954,1.0,1490251.0,1.0,,447,268541800,OK,1490251.0
2.0000006770715117e-06,0510_f3\L1-TIME_ANGE_DIST_DATA\L1_cap_00448_20260510192659.h5,41219.69129994,41217.930070964,41216.1895729,41216.224807088,41219.6533701,41237.69129994,41234.1895729,L1_cap_00448_20260510192659.h5,2590283,1.0,1737995.0,1.0,,448,284089472,OK,1737995.0
1.0,0510_f3\L1-TIME_ANGE_DIST_DATA\L1_cap_00449_20260510192703.h5,1391068.0,691781.5,1.0,12720.0,1376881.77,1391086.0,19.0,L1_cap_00449_20260510192703.h5,1946924,0.0019060836478465518,1391068.0,1.0,GNSS_SEC_CH1 appears to contain pulse index/count values,449,151645252,REPAIR_CANDIDATE,1391068.0
